id;domain;is_legal;is_automated;is_interesting;is_interesting_desc
1;ig.me;f;f;t;DATA_INTERESTING_DESC_YES_PII,DATA_INTERESTING_DESC_YES_ACCOUNT_TAKEOVER
2;nps.airindia.in;f;t;t;DATA_INTERESTING_DESC_YES_PII,DATA_INTERESTING_DESC_YES_ACCOUNT_TAKEOVER
3;mrspin.co.uk;f;f;f;DATA_INTERESTING_DESC_NO_SCAM
4;superprof.es;f;t;t;DATA_INTERESTING_DESC_YES_ACCOUNT_TAKEOVER
5;cns-sante-lu.com;f;f;f;DATA_INTERESTING_DESC_NO_OTHER
6;aba2.co;f;f;f;DATA_INTERESTING_DESC_NO_OTHER
7;fashionnovagb.attn.tv;f;f;f;DATA_INTERESTING_DESC_NO_MISSED_OPPORTUNITY
8;traba.page.link;f;f;f;DATA_INTERESTING_DESC_NO_MISSED_OPPORTUNITY
9;financiar24.es;f;f;f;DATA_INTERESTING_DESC_NO_MISSED_OPPORTUNITY
10;www.snagshout.com;f;f;f;DATA_INTERESTING_DESC_NO_MISSED_OPPORTUNITY
11;vent.africa;f;f;f;DATA_INTERESTING_DESC_NO_MISSED_OPPORTUNITY
12;auth.usbank.com;f;f;f;DATA_INTERESTING_DESC_NO_MISSED_OPPORTUNITY
13;pp24.co;f;f;f;DATA_INTERESTING_DESC_NO_MISSED_OPPORTUNITY
14;bnc.lt;f;f;f;DATA_INTERESTING_DESC_NO_MISSED_OPPORTUNITY
15;idmcn-web.deployer.mx;f;f;f;DATA_INTERESTING_DESC_NO_MISSED_OPPORTUNITY
16;gallery-victoria.com;f;f;f;DATA_INTERESTING_DESC_NO_MISSED_OPPORTUNITY
17;t.me;f;f;f;DATA_INTERESTING_DESC_NO_MISSED_OPPORTUNITY
18;4go.uk;f;f;f;DATA_INTERESTING_DESC_NO_MISSED_OPPORTUNITY
19;mdslt.win;f;f;f;DATA_INTERESTING_DESC_NO_MISSED_OPPORTUNITY
20;sports.bet9ja.com;f;f;f;DATA_INTERESTING_DESC_NO_MISSED_OPPORTUNITY
21;amznsa.com;f;f;f;DATA_INTERESTING_DESC_NO_SCAM
22;bbva.netcash-clientes-es.com;f;f;f;DATA_INTERESTING_DESC_NO_SCAM
23;wnc.es;f;f;f;DATA_INTERESTING_DESC_NO_SCAM
24;dhljjs.top;f;f;f;DATA_INTERESTING_DESC_NO_SCAM
25;txts.ly;f;f;f;DATA_INTERESTING_DESC_NO_AD,DATA_INTERESTING_DESC_NO_SCAM
26;eskimo.page.link;f;f;f;DATA_INTERESTING_DESC_NO_OTHER
27;clk.mk;f;f;f;DATA_INTERESTING_DESC_NO_SCAM
28;turbotax.com;f;f;f;DATA_INTERESTING_DESC_NO_OTHER
29;wilkinsonswordintuition.zptr.im;f;f;f;DATA_INTERESTING_DESC_NO_OTHER
30;tmbo.la;f;f;f;DATA_INTERESTING_DESC_NO_OTHER
31;boom.lat;f;f;f;DATA_INTERESTING_DESC_NO_OTHER
32;9mc.onelink.me;f;f;f;DATA_INTERESTING_DESC_NO_AD,DATA_INTERESTING_DESC_NO_SCAM
33;square-register.onelink.me;f;f;f;DATA_INTERESTING_DESC_NO_OTHER
34;url.ez4u.pt;f;f;f;DATA_INTERESTING_DESC_NO_OTHER
35;www.freestuff.eu;f;f;f;DATA_INTERESTING_DESC_NO_SCAM
36;nxt.to;f;f;f;DATA_INTERESTING_DESC_NO_SCAM
37;ejmj.co;f;f;f;DATA_INTERESTING_DESC_NO_OTHER
38;versalie.sandbox01.wheel.health;f;f;f;DATA_INTERESTING_DESC_NO_MISSED_OPPORTUNITY
39;amazon.com;f;f;f;DATA_INTERESTING_DESC_NO_OTHER
40;u.to;f;f;f;DATA_INTERESTING_DESC_NO_AD
41;accuweb.cloud;f;f;f;DATA_INTERESTING_DESC_NO_MISSED_OPPORTUNITY
42;bbva.es-notificacionapp.com;f;f;f;DATA_INTERESTING_DESC_NO_OTHER
43;wmecs.net;f;f;f;DATA_INTERESTING_DESC_NO_OTHER
44;apple.co;f;f;f;DATA_INTERESTING_DESC_NO_SCAM
45;pcpe1.co;f;f;f;DATA_INTERESTING_DESC_NO_AD
46;fscr.io;f;f;f;DATA_INTERESTING_DESC_NO_AD
47;gamblii.com;f;f;f;DATA_INTERESTING_DESC_NO_SCAM
48;vimeo.com;f;f;t;DATA_INTERESTING_DESC_YES_PII
49;18u.one;f;f;f;DATA_INTERESTING_DESC_NO_SCAM
50;veriff.me;f;f;f;DATA_INTERESTING_DESC_NO_OTHER
51;app.konto.com;f;f;t;DATA_INTERESTING_DESC_YES_PII
52;cash.app;f;f;f;DATA_INTERESTING_DESC_NO_OTHER
53;i.nos.pt;f;f;f;DATA_INTERESTING_DESC_NO_OTHER
54;ae.goldenscent.com;f;f;f;DATA_INTERESTING_DESC_NO_OTHER
55;www.bidfta.com;f;f;f;DATA_INTERESTING_DESC_NO_AD
56;103.13.209.127;f;f;f;DATA_INTERESTING_DESC_NO_OTHER
57;usfi1.co;f;f;f;DATA_INTERESTING_DESC_NO_AD,DATA_INTERESTING_DESC_NO_SCAM
58;brz.ai;f;f;f;DATA_INTERESTING_DESC_NO_AD,DATA_INTERESTING_DESC_NO_SCAM
59;mobile.three.co.uk;f;f;f;DATA_INTERESTING_DESC_NO_OTHER
60;app.temu.com;f;f;f;DATA_INTERESTING_DESC_NO_OTHER
61;device.staging.payfone.com:4443;f;f;f;DATA_INTERESTING_DESC_NO_MISSED_OPPORTUNITY
62;a.klar.na;f;f;f;DATA_INTERESTING_DESC_NO_OTHER
63;wh.bet;f;f;f;DATA_INTERESTING_DESC_NO_AD,DATA_INTERESTING_DESC_NO_SCAM
64;dhljle.top;f;f;f;DATA_INTERESTING_DESC_NO_OTHER
65;suitsmecard.com;f;f;t;DATA_INTERESTING_DESC_YES_PII
66;bnk.la;f;f;f;DATA_INTERESTING_DESC_NO_AD
67;t.xfin.me;f;f;f;DATA_INTERESTING_DESC_NO_OTHER
68;txt.rwdsuk.com;f;f;f;DATA_INTERESTING_DESC_NO_AD,DATA_INTERESTING_DESC_NO_SCAM
69;my.photoday.com;f;f;f;DATA_INTERESTING_DESC_NO_AD
70;id.ubble.ai;f;f;f;DATA_INTERESTING_DESC_NO_MISSED_OPPORTUNITY
71;gtln2.co;f;f;f;DATA_INTERESTING_DESC_NO_AD,DATA_INTERESTING_DESC_NO_SCAM
72;chime.com;f;f;f;DATA_INTERESTING_DESC_NO_OTHER
73;walgreens.sandbox01.wheel.health;f;f;f;DATA_INTERESTING_DESC_NO_MISSED_OPPORTUNITY
74;www.crhlth.to;f;f;f;DATA_INTERESTING_DESC_NO_SCAM
75;betsson.fr;f;f;f;DATA_INTERESTING_DESC_NO_SCAM
76;m.gopuff.com;f;f;f;DATA_INTERESTING_DESC_NO_AD
77;www.zigota.co.il;f;f;f;DATA_INTERESTING_DESC_NO_OTHER
78;support.strip;f;f;f;DATA_INTERESTING_DESC_NO_OTHER
79;gxmble.com;f;f;f;DATA_INTERESTING_DESC_NO_AD,DATA_INTERESTING_DESC_NO_SCAM
80;www.yychomes.net;f;f;f;DATA_INTERESTING_DESC_NO_OTHER
81;zappit.co;f;f;f;DATA_INTERESTING_DESC_NO_OTHER
82;air.chat;f;f;f;DATA_INTERESTING_DESC_NO_OTHER
83;kvy8.io;f;f;f;DATA_INTERESTING_DESC_NO_AD,DATA_INTERESTING_DESC_NO_SCAM
84;help.super.com;f;f;f;DATA_INTERESTING_DESC_NO_OTHER
85;amazon.pl;f;f;f;DATA_INTERESTING_DESC_NO_OTHER
86;blu1.co;f;f;f;DATA_INTERESTING_DESC_NO_OTHER
87;gcpayonline.com;f;f;f;DATA_INTERESTING_DESC_NO_OTHER
88;airdrop-bybit.com;f;f;f;DATA_INTERESTING_DESC_NO_AD
89;smsq.com.de;f;f;f;DATA_INTERESTING_DESC_NO_SCAM
90;eej.at;f;f;f;DATA_INTERESTING_DESC_NO_AD
91;dd.me;f;f;f;DATA_INTERESTING_DESC_NO_AD
92;prm.ms;f;f;f;DATA_INTERESTING_DESC_NO_SCAM
93;l.mrbit.vin;f;f;f;DATA_INTERESTING_DESC_NO_SCAM
94;ewzvve.com;f;f;f;DATA_INTERESTING_DESC_NO_SCAM
95;jb4.co;f;f;f;DATA_INTERESTING_DESC_NO_OTHER
96;app.inkind.com;f;f;f;DATA_INTERESTING_DESC_NO_AD
97;lock.authvia.com;f;f;f;
98;lyft.sng.link;f;f;f;DATA_INTERESTING_DESC_NO_AD
99;gra.cx;f;f;f;DATA_INTERESTING_DESC_NO_OTHER
100;tiny.one;f;f;f;DATA_INTERESTING_DESC_NO_OTHER
101;oot.rs;f;f;f;DATA_INTERESTING_DESC_NO_OTHER
102;trn1.co;f;f;f;DATA_INTERESTING_DESC_NO_AD,DATA_INTERESTING_DESC_NO_SCAM
103;support.bondora.com;f;f;f;DATA_INTERESTING_DESC_NO_OTHER
104;py.pl;f;f;f;DATA_INTERESTING_DESC_NO_OTHER
105;kcs-airdrop.com;f;f;f;DATA_INTERESTING_DESC_NO_OTHER
106;gl0.me;f;f;f;DATA_INTERESTING_DESC_NO_AD,DATA_INTERESTING_DESC_NO_SCAM
107;fntl1.co;f;f;f;DATA_INTERESTING_DESC_NO_AD
108;inboxd.co;f;f;f;DATA_INTERESTING_DESC_NO_SCAM
109;www.amazon.it;f;f;f;DATA_INTERESTING_DESC_NO_OTHER
110;sd2.in;f;f;f;DATA_INTERESTING_DESC_NO_AD
111;yelp.to;f;f;f;DATA_INTERESTING_DESC_NO_OTHER
112;signal.org;f;f;f;DATA_INTERESTING_DESC_NO_OTHER
113;updatesafetymyid.com;f;f;f;DATA_INTERESTING_DESC_NO_OTHER
114;seven.casino;f;f;f;DATA_INTERESTING_DESC_NO_SCAM
115;unv.viber.com;f;f;f;DATA_INTERESTING_DESC_NO_OTHER
116;tinyurl.com;f;f;f;DATA_INTERESTING_DESC_NO_MISSED_OPPORTUNITY
117;hadotx.com;f;f;f;DATA_INTERESTING_DESC_NO_OTHER
118;device.proveapis.com;f;f;f;DATA_INTERESTING_DESC_NO_MISSED_OPPORTUNITY
119;bbva.inicio-es.info;f;f;f;DATA_INTERESTING_DESC_NO_OTHER
120;homa1.co;f;f;f;DATA_INTERESTING_DESC_NO_SCAM
121;dinr.me;f;f;f;DATA_INTERESTING_DESC_NO_OTHER
122;82link.cc;f;f;f;DATA_INTERESTING_DESC_NO_OTHER
123;ehplabsuk.smsb.co;f;f;f;DATA_INTERESTING_DESC_NO_AD
124;es.bbva-soporte-clientes.com;f;f;f;DATA_INTERESTING_DESC_NO_OTHER
125;kikoff.com;f;f;f;DATA_INTERESTING_DESC_NO_MISSED_OPPORTUNITY
126;pplchck.com;f;f;t;DATA_INTERESTING_DESC_YES_PII
127;intch1.co;f;f;f;DATA_INTERESTING_DESC_NO_AD,DATA_INTERESTING_DESC_NO_SCAM
128;craftd.pscrpt.io;f;f;f;DATA_INTERESTING_DESC_NO_AD
129;ijcpct.in;f;f;f;DATA_INTERESTING_DESC_NO_AD,DATA_INTERESTING_DESC_NO_SCAM
130;revolut.onelink.me;f;f;f;DATA_INTERESTING_DESC_NO_OTHER
131;wilkinsonsword.zptr.im;f;f;f;DATA_INTERESTING_DESC_NO_AD,DATA_INTERESTING_DESC_NO_SCAM
132;a.lott.co;f;f;f;DATA_INTERESTING_DESC_NO_SCAM
133;verfy.co;f;f;f;
134;news.sfcollege.edu;f;f;f;DATA_INTERESTING_DESC_NO_OTHER
135;apply.oportun.com;f;f;f;DATA_INTERESTING_DESC_NO_AD,DATA_INTERESTING_DESC_NO_SCAM
136;mobile.bet9ja.com;f;f;f;DATA_INTERESTING_DESC_NO_MISSED_OPPORTUNITY
137;nvosms.co;f;f;f;DATA_INTERESTING_DESC_NO_AD,DATA_INTERESTING_DESC_NO_SCAM
138;biy.io;f;f;f;DATA_INTERESTING_DESC_NO_OTHER
139;nos.pt;f;f;f;DATA_INTERESTING_DESC_NO_MISSED_OPPORTUNITY
140;www.o2.co.uk;f;f;f;DATA_INTERESTING_DESC_NO_OTHER
141;www.shaadi.com;f;f;f;DATA_INTERESTING_DESC_NO_OTHER
142;ptxt.me;f;f;f;DATA_INTERESTING_DESC_NO_OTHER
143;stk9998.co;f;f;f;DATA_INTERESTING_DESC_NO_SCAM
144;moj.doublestar.sk;f;f;f;DATA_INTERESTING_DESC_NO_SCAM
145;teya.cc;f;f;f;DATA_INTERESTING_DESC_NO_SCAM
146;app.adjust.com;f;f;f;DATA_INTERESTING_DESC_NO_AD,DATA_INTERESTING_DESC_NO_SCAM
147;google.net;f;f;f;DATA_INTERESTING_DESC_NO_OTHER
148;nbet.co;f;f;f;DATA_INTERESTING_DESC_NO_AD,DATA_INTERESTING_DESC_NO_SCAM
149;pimedigital.com;f;f;f;DATA_INTERESTING_DESC_NO_OTHER
150;pscrpt.io;f;f;f;DATA_INTERESTING_DESC_NO_OTHER
151;launchapp.credas.co.uk;f;f;f;DATA_INTERESTING_DESC_NO_OTHER
152;lensa.ro;f;f;f;DATA_INTERESTING_DESC_NO_OTHER
153;keny.me;f;f;f;DATA_INTERESTING_DESC_NO_AD,DATA_INTERESTING_DESC_NO_SCAM
154;hqy.me;f;f;f;DATA_INTERESTING_DESC_NO_OTHER
155;app.cm.ourcart.com;f;f;f;DATA_INTERESTING_DESC_NO_OTHER
156;recovery.careem.com;f;f;f;DATA_INTERESTING_DESC_NO_OTHER
157;ola351.com;f;f;f;DATA_INTERESTING_DESC_NO_OTHER
158;bap.mx;f;f;f;DATA_INTERESTING_DESC_NO_OTHER
159;my4.uno;f;f;f;
160;dhlsfdd.top;f;f;f;DATA_INTERESTING_DESC_NO_AD,DATA_INTERESTING_DESC_NO_SCAM
161;hoi.fm;f;f;f;
162;vivavida.onelink.me;f;f;f;DATA_INTERESTING_DESC_NO_OTHER
163;www.checkatrade.com;f;f;f;DATA_INTERESTING_DESC_NO_OTHER
164;fdea.io;f;f;f;DATA_INTERESTING_DESC_NO_AD,DATA_INTERESTING_DESC_NO_SCAM
165;aka.ms;f;f;f;DATA_INTERESTING_DESC_NO_OTHER
166;optxt.net;f;f;f;DATA_INTERESTING_DESC_NO_OTHER
167;t.co;f;f;f;DATA_INTERESTING_DESC_NO_AD,DATA_INTERESTING_DESC_NO_SCAM
168;ukrwdz.com;f;f;f;DATA_INTERESTING_DESC_NO_AD,DATA_INTERESTING_DESC_NO_SCAM
169;acs1.tc;f;f;f;DATA_INTERESTING_DESC_NO_AD,DATA_INTERESTING_DESC_NO_SCAM
170;mn1.uno;f;f;f;DATA_INTERESTING_DESC_NO_AD,DATA_INTERESTING_DESC_NO_SCAM
171;emujac.com;f;f;f;DATA_INTERESTING_DESC_NO_AD,DATA_INTERESTING_DESC_NO_SCAM
172;phongvantech.vn;f;f;f;DATA_INTERESTING_DESC_NO_OTHER
173;trb1.co;f;f;f;DATA_INTERESTING_DESC_NO_AD,DATA_INTERESTING_DESC_NO_SCAM
174;amazon.de;f;f;f;DATA_INTERESTING_DESC_NO_OTHER
175;WNDRSKN.smsb.co;f;f;f;DATA_INTERESTING_DESC_NO_AD,DATA_INTERESTING_DESC_NO_SCAM
176;amazon.es;f;f;f;DATA_INTERESTING_DESC_NO_OTHER
177;t.uber.com;f;f;f;DATA_INTERESTING_DESC_NO_OTHER
178;ospt.me;f;f;f;DATA_INTERESTING_DESC_NO_AD,DATA_INTERESTING_DESC_NO_SCAM
179;ebmm1.co;f;f;f;DATA_INTERESTING_DESC_NO_AD,DATA_INTERESTING_DESC_NO_SCAM
180;super.sng.link;f;f;f;DATA_INTERESTING_DESC_NO_AD,DATA_INTERESTING_DESC_NO_SCAM
181;facebook-update0.blog;f;f;f;DATA_INTERESTING_DESC_NO_AD,DATA_INTERESTING_DESC_NO_SCAM
182;reports.viber.com;f;f;f;DATA_INTERESTING_DESC_NO_AD,DATA_INTERESTING_DESC_NO_SCAM
183;yahoo.com;f;f;f;DATA_INTERESTING_DESC_NO_OTHER
184;shorturl.at;f;f;f;DATA_INTERESTING_DESC_NO_AD,DATA_INTERESTING_DESC_NO_SCAM
185;store.playwing.com;f;f;f;DATA_INTERESTING_DESC_NO_AD,DATA_INTERESTING_DESC_NO_SCAM
186;byt.tips;f;f;f;DATA_INTERESTING_DESC_NO_AD,DATA_INTERESTING_DESC_NO_SCAM
187;ccs1.co;f;f;f;DATA_INTERESTING_DESC_NO_SCAM
188;amazon.co.uk;f;f;f;DATA_INTERESTING_DESC_NO_OTHER
189;tx.vc;f;f;f;DATA_INTERESTING_DESC_NO_AD,DATA_INTERESTING_DESC_NO_SCAM
190;gt.sms247.de;f;f;f;DATA_INTERESTING_DESC_NO_SCAM
191;itbl.co;f;f;f;DATA_INTERESTING_DESC_NO_AD
192;mfort.win;f;f;f;DATA_INTERESTING_DESC_NO_AD,DATA_INTERESTING_DESC_NO_SCAM
193;cl17.xyz;f;f;f;DATA_INTERESTING_DESC_NO_SCAM
194;www.vandalay.in;f;f;f;DATA_INTERESTING_DESC_NO_OTHER
195;contrato.totalenergies.es;f;f;f;DATA_INTERESTING_DESC_NO_AD
196;wuqsl.com;f;f;f;DATA_INTERESTING_DESC_NO_AD,DATA_INTERESTING_DESC_NO_SCAM
197;abre.ai;f;f;f;DATA_INTERESTING_DESC_NO_OTHER
198;ruadapalma.com;f;f;f;DATA_INTERESTING_DESC_NO_OTHER
199;new.three.co.uk;f;f;f;DATA_INTERESTING_DESC_NO_OTHER
200;current.com;f;f;f;DATA_INTERESTING_DESC_NO_OTHER
201;bit.ly;f;f;f;DATA_INTERESTING_DESC_NO_OTHER
202;yxeeh.com;f;f;f;DATA_INTERESTING_DESC_NO_AD,DATA_INTERESTING_DESC_NO_SCAM
203;links.hearclear.com;f;f;f;DATA_INTERESTING_DESC_NO_AD
204;c.rocket.la;f;f;f;DATA_INTERESTING_DESC_NO_AD
205;joli88.co;f;f;f;DATA_INTERESTING_DESC_NO_AD,DATA_INTERESTING_DESC_NO_SCAM
206;google.com;f;f;f;DATA_INTERESTING_DESC_NO_OTHER
207;dexatel.com;f;f;f;DATA_INTERESTING_DESC_NO_OTHER
208;lcuk.win;f;f;f;DATA_INTERESTING_DESC_NO_AD,DATA_INTERESTING_DESC_NO_SCAM
209;txte1.co;f;f;f;DATA_INTERESTING_DESC_NO_AD,DATA_INTERESTING_DESC_NO_SCAM
210;is.gd;f;f;f;DATA_INTERESTING_DESC_NO_OTHER
211;lng.direct-inicio-apps.com;f;f;f;DATA_INTERESTING_DESC_NO_OTHER
212;wa.me;f;f;f;DATA_INTERESTING_DESC_NO_OTHER
213;www.zopa.com;f;f;f;DATA_INTERESTING_DESC_NO_OTHER
214;foliatticasino.mx;f;f;f;DATA_INTERESTING_DESC_NO_OTHER
215;ridleyacad.com;f;f;f;DATA_INTERESTING_DESC_NO_OTHER
216;www.authy.com;f;f;f;DATA_INTERESTING_DESC_NO_OTHER
217;www.vodafone.co.uk;f;f;f;DATA_INTERESTING_DESC_NO_OTHER
218;cred.ee;f;f;f;DATA_INTERESTING_DESC_NO_OTHER
219;amazon.com.mx;f;f;f;DATA_INTERESTING_DESC_NO_OTHER
220;bem1.co;f;f;f;DATA_INTERESTING_DESC_NO_AD
221;fwdto.us;f;f;f;DATA_INTERESTING_DESC_NO_OTHER
222;youtu.be;f;f;f;DATA_INTERESTING_DESC_NO_OTHER
223;www.brzepozajmice.com;f;f;f;DATA_INTERESTING_DESC_NO_SCAM,DATA_INTERESTING_DESC_NO_AD
224;go.fcifisms.com;f;f;f;DATA_INTERESTING_DESC_NO_OTHER
225;amovens.com;f;f;f;DATA_INTERESTING_DESC_NO_OTHER
226;bitly.ws;f;f;f;DATA_INTERESTING_DESC_NO_OTHER
227;creditnow.ro;f;f;f;DATA_INTERESTING_DESC_NO_OTHER
228;did.li;f;f;f;DATA_INTERESTING_DESC_NO_OTHER
229;www.bleepingcomputer.com;f;f;f;DATA_INTERESTING_DESC_NO_OTHER
230;gfquo.buzz;f;f;f;DATA_INTERESTING_DESC_NO_SCAM
231;home.zopa.com;f;f;f;DATA_INTERESTING_DESC_NO_OTHER
232;interpath.com;f;f;f;DATA_INTERESTING_DESC_NO_OTHER
233;kly8.io;f;f;f;DATA_INTERESTING_DESC_NO_OTHER
234;m3s.gg;f;f;f;DATA_INTERESTING_DESC_NO_OTHER
235;myparcel-tracker.com;f;f;f;DATA_INTERESTING_DESC_NO_OTHER
236;preview.giggster.com;f;f;f;DATA_INTERESTING_DESC_NO_OTHER
237;rnpbx.cfd;f;f;f;DATA_INTERESTING_DESC_NO_SCAM
238;vk.com;f;f;f;DATA_INTERESTING_DESC_NO_OTHER
239;www.anchorrides.com;f;f;f;DATA_INTERESTING_DESC_NO_OTHER
240;ami.ag;f;f;f;DATA_INTERESTING_DESC_NO_OTHER
241;fast.com;f;f;f;DATA_INTERESTING_DESC_NO_OTHER
242;g4m.tv;f;f;f;DATA_INTERESTING_DESC_NO_AD
243;www.phrendly.com;f;f;f;DATA_INTERESTING_DESC_NO_MISSED_OPPORTUNITY
244;247lgm.com;f;f;f;DATA_INTERESTING_DESC_NO_AD
245;msg.uplvlrwd.com;f;f;t;DATA_INTERESTING_DESC_YES_PII
246;api.lik;f;f;f;DATA_INTERESTING_DESC_NO_OTHER
247;chargepoint.app.link;f;f;f;DATA_INTERESTING_DESC_NO_OTHER
248;crono.ws;f;f;t;DATA_INTERESTING_DESC_YES_ACCOUNT_TAKEOVER
249;dinevo.es;f;f;f;DATA_INTERESTING_DESC_NO_OTHER
250;www.mahmee.com;f;f;f;DATA_INTERESTING_DESC_NO_MISSED_OPPORTUNITY
251;gna2.net;f;f;f;DATA_INTERESTING_DESC_NO_OTHER
252;hthn.app.link;f;f;f;DATA_INTERESTING_DESC_NO_OTHER
253;investorlift.com;f;f;f;DATA_INTERESTING_DESC_NO_OTHER
254;kvy0.io;f;f;f;DATA_INTERESTING_DESC_NO_AD
255;manage.joe.coffee;f;f;f;DATA_INTERESTING_DESC_NO_OTHER
256;n9.cl;f;f;f;DATA_INTERESTING_DESC_NO_OTHER
257;processing-sav.com;f;f;f;DATA_INTERESTING_DESC_NO_OTHER
258;twoladders-qa.s3.us-east-2.amazona;f;f;t;DATA_INTERESTING_DESC_YES_DISCOVERY
259;wduose.com;f;f;f;DATA_INTERESTING_DESC_NO_SCAM
260;app.kanguro.com;f;f;t;
261;fcsms.i;f;f;f;DATA_INTERESTING_DESC_NO_OTHER
262;get.raw.app;f;f;f;DATA_INTERESTING_DESC_NO_OTHER
263;www.mercadopago.com.mx;f;f;t;
264;booksy.com;f;f;f;DATA_INTERESTING_DESC_NO_AD
265;rwdrmndrs.com;f;f;t;DATA_INTERESTING_DESC_YES_PII
266;app.dev.recrebox.com;f;f;t;DATA_INTERESTING_DESC_YES_DISCOVERY
267;clck.ru;f;f;f;DATA_INTERESTING_DESC_NO_OTHER
268;cshtr.xyz;f;f;f;DATA_INTERESTING_DESC_NO_AD
269;docs.google.com;f;f;t;DATA_INTERESTING_DESC_YES_PII
270;www.popcorn-dating.com;f;f;t;
271;go.freeads.co.uk;f;f;t;DATA_INTERESTING_DESC_YES_ACCOUNT_TAKEOVER
272;hwvj5.com;f;f;f;DATA_INTERESTING_DESC_NO_AD
273;is.g;f;f;f;DATA_INTERESTING_DESC_NO_OTHER
274;l.armut.com;f;f;f;DATA_INTERESTING_DESC_NO_OTHER
275;mejorcredito.es;f;f;f;DATA_INTERESTING_DESC_NO_AD
276;onf.lt;f;f;f;DATA_INTERESTING_DESC_NO_OTHER
277;q-r.to;f;f;f;DATA_INTERESTING_DESC_NO_OTHER
278;uat.device.proveapis.com:4443;f;f;t;
279;web.norstatsurveys.com;f;f;f;DATA_INTERESTING_DESC_NO_OTHER
280;dev.foodstock.sh;f;f;f;DATA_INTERESTING_DESC_NO_MISSED_OPPORTUNITY
281;sit-dr.t2s.app;f;f;f;DATA_INTERESTING_DESC_NO_AD
282;onelink.to;f;f;f;DATA_INTERESTING_DESC_NO_AD
283;amazon.com.au;f;f;f;DATA_INTERESTING_DESC_NO_OTHER
284;singlemuslim.com;f;f;t;DATA_INTERESTING_DESC_YES_PII,DATA_INTERESTING_DESC_YES_ACCOUNT_TAKEOVER,DATA_INTERESTING_DESC_YES_ACCOUNT_PASSWORD_RESET
285;w-mt.co;f;f;f;DATA_INTERESTING_DESC_NO_OTHER
286;pay.stripe.com;f;f;t;DATA_INTERESTING_DESC_YES_PII
287;fhinfo.app;f;f;f;DATA_INTERESTING_DESC_NO_OTHER
288;dev.foodstock.sht;f;f;f;DATA_INTERESTING_DESC_NO_MISSED_OPPORTUNITY
289;www.bbva-aviso-web.com;f;f;f;DATA_INTERESTING_DESC_NO_SCAM
290;m.temu.com;f;f;t;DATA_INTERESTING_DESC_YES_PII
291;luzo.es;f;f;f;DATA_INTERESTING_DESC_NO_OTHER
292;fjn.me;f;f;f;DATA_INTERESTING_DESC_NO_AD
293;dlhdede.top;f;f;f;DATA_INTERESTING_DESC_NO_SCAM
294;cdl.booksy.co;f;f;f;DATA_INTERESTING_DESC_NO_OTHER
295;cdl.booksy.com;f;f;t;DATA_INTERESTING_DESC_YES_PII
296;auth.cex.io;f;f;t;
297;app.skillgigs.com;f;f;f;DATA_INTERESTING_DESC_NO_MISSED_OPPORTUNITY
298;apollo-k8s.pp24.co;f;f;f;DATA_INTERESTING_DESC_NO_OTHER
299;id.onlyfans.com;f;f;t;DATA_INTERESTING_DESC_YES_ACCOUNT_TAKEOVER
300;t.snapchat.com;f;f;f;DATA_INTERESTING_DESC_NO_SCAM,DATA_INTERESTING_DESC_NO_AD
301;www.vodafone.es;f;f;f;DATA_INTERESTING_DESC_NO_AD
302;account.lyft;f;f;f;DATA_INTERESTING_DESC_NO_OTHER
303;9as.net;f;f;f;DATA_INTERESTING_DESC_NO_SCAM
304;coinatmradar.com;f;f;f;DATA_INTERESTING_DESC_NO_AD
305;dev.eu01.idv.onespan.cloud;f;f;t;
306;go.test.idnow.de;f;f;t;
307;go.fintonic.com;f;f;f;DATA_INTERESTING_DESC_NO_AD
308;xenia.page.link;f;f;f;DATA_INTERESTING_DESC_NO_OTHER
309;lihi.cc;f;f;f;DATA_INTERESTING_DESC_NO_AD
310;psc.pre.sia.es;f;f;f;DATA_INTERESTING_DESC_NO_MISSED_OPPORTUNITY
311;staging.skysystemz.com;f;f;t;DATA_INTERESTING_DESC_YES_PII
312;survey.zohopublic.com;f;f;f;DATA_INTERESTING_DESC_NO_OTHER
313;temu.com;f;f;t;DATA_INTERESTING_DESC_YES_PII
314;link.gopuff.com;f;f;t;
315;vfcnt.com;f;f;t;
316;a.co;f;f;f;DATA_INTERESTING_DESC_NO_AD
317;01239.com;f;f;f;DATA_INTERESTING_DESC_NO_OTHER
318;1mc.onelink.me;f;f;f;DATA_INTERESTING_DESC_NO_AD
319;app.brandclub.com;f;f;f;DATA_INTERESTING_DESC_NO_AD
320;bhpn.me;f;f;f;DATA_INTERESTING_DESC_NO_SCAM,DATA_INTERESTING_DESC_NO_AD
321;click.doft.com;f;f;t;DATA_INTERESTING_DESC_YES_ACCOUNT_PASSWORD_RESET
322;creaturescbd.com;f;f;f;DATA_INTERESTING_DESC_NO_OTHER
323;cs.angi.com;f;f;f;DATA_INTERESTING_DESC_NO_AD
324;da.gd;f;f;f;DATA_INTERESTING_DESC_NO_AD
325;dimecuba.link;f;f;f;DATA_INTERESTING_DESC_NO_AD
326;dneh.me;f;f;f;DATA_INTERESTING_DESC_NO_SCAM
327;dr.parcelperform.com;f;f;f;DATA_INTERESTING_DESC_NO_MISSED_OPPORTUNITY
328;ediary.ecrscorp.com;f;f;f;DATA_INTERESTING_DESC_NO_MISSED_OPPORTUNITY
4420;independenthome.com;f;f;f;DATA_INTERESTING_DESC_NO_OTHER
330;gameflip.com;f;f;t;DATA_INTERESTING_DESC_YES_ACCOUNT_PASSWORD_RESET
331;gemlink.io;f;f;f;DATA_INTERESTING_DESC_NO_SCAM,DATA_INTERESTING_DESC_NO_AD
332;goo.gl;f;f;f;DATA_INTERESTING_DESC_NO_OTHER
333;housing-portal.org;f;f;f;DATA_INTERESTING_DESC_NO_AD
334;i.dpd.ro;f;f;t;DATA_INTERESTING_DESC_YES_PII
335;jtqn1.co;f;f;f;DATA_INTERESTING_DESC_NO_SCAM,DATA_INTERESTING_DESC_NO_AD
336;iyyds.co;f;f;f;DATA_INTERESTING_DESC_NO_AD
337;keyo.com;f;f;f;DATA_INTERESTING_DESC_NO_MISSED_OPPORTUNITY
338;l.certicalia.c;f;f;f;DATA_INTERESTING_DESC_NO_AD
339;lg.im;f;f;f;DATA_INTERESTING_DESC_NO_AD
340;meaf.me;f;f;f;DATA_INTERESTING_DESC_NO_AD
341;molbubi.hu;f;f;f;DATA_INTERESTING_DESC_NO_OTHER
342;otp46.cc;f;f;f;DATA_INTERESTING_DESC_NO_SCAM
343;parents.app.link;f;f;t;DATA_INTERESTING_DESC_YES_PII
344;plaapp.onelink.me;f;f;f;DATA_INTERESTING_DESC_NO_SCAM,DATA_INTERESTING_DESC_NO_AD
345;pplnf.ru;f;f;f;DATA_INTERESTING_DESC_NO_OTHER
346;p.qa.r;f;f;f;DATA_INTERESTING_DESC_NO_MISSED_OPPORTUNITY
347;rb.gy;f;f;f;DATA_INTERESTING_DESC_NO_SCAM,DATA_INTERESTING_DESC_NO_AD
348;reject.credos.com.ua;f;f;f;DATA_INTERESTING_DESC_NO_OTHER
349;rentals.tripadvisor.com;f;f;f;DATA_INTERESTING_DESC_NO_OTHER
350;sandbox.sequrapi.com;f;f;t;
351;shortl.ing;f;f;f;DATA_INTERESTING_DESC_NO_SCAM,DATA_INTERESTING_DESC_NO_AD
352;slottio.com;f;f;f;DATA_INTERESTING_DESC_NO_AD
353;slv1.co;f;f;f;DATA_INTERESTING_DESC_NO_AD
354;s.prpy.co;f;f;f;DATA_INTERESTING_DESC_NO_AD
355;staging-cs.amazingtalker.com;f;f;f;DATA_INTERESTING_DESC_NO_OTHER
356;start.checkgo.org;f;f;f;DATA_INTERESTING_DESC_NO_OTHER
357;support-connexion.in;f;f;f;DATA_INTERESTING_DESC_NO_OTHER
358;txt.rwdrmndrs.com;f;f;t;DATA_INTERESTING_DESC_YES_PII
359;ukrwds.com;f;f;t;DATA_INTERESTING_DESC_YES_PII
360;venmo.com;f;f;t;DATA_INTERESTING_DESC_YES_ACCOUNT_PASSWORD_RESET
361;ss.surveysignal.com;f;f;f;DATA_INTERESTING_DESC_NO_OTHER
362;t.shangri-la.com;f;f;f;DATA_INTERESTING_DESC_NO_OTHER
363;viettel.vn;f;f;f;DATA_INTERESTING_DESC_NO_OTHER
364;www.alsa-nextbike.es;f;f;f;DATA_INTERESTING_DESC_NO_OTHER
365;www.ayyildiz.de;f;f;f;DATA_INTERESTING_DESC_NO_OTHER
366;www.betterhelp.com;f;f;f;DATA_INTERESTING_DESC_NO_OTHER
367;www.kvb-rad.de;f;f;t;DATA_INTERESTING_DESC_YES_ACCOUNT_TAKEOVER
368;www.mrlender.com;f;f;t;
369;www.nextbike.de;f;f;t;DATA_INTERESTING_DESC_YES_ACCOUNT_TAKEOVER
370;www.veturilo.waw.pl;f;f;t;DATA_INTERESTING_DESC_YES_ACCOUNT_TAKEOVER
371;login.coffreo.com;f;f;t;DATA_INTERESTING_DESC_YES_PII
372;askb.co;f;f;f;DATA_INTERESTING_DESC_NO_AD
373;fiverr.com;f;f;f;DATA_INTERESTING_DESC_NO_OTHER
374;zpr.io;f;f;f;DATA_INTERESTING_DESC_NO_SCAM
375;www.nextbike.co.uk;f;f;t;
376;caps.creditacceptance.com;f;f;f;DATA_INTERESTING_DESC_NO_AD
377;rwdsuk.com;f;f;t;DATA_INTERESTING_DESC_YES_PII
378;app.smsmasivos.com.mx;f;f;f;DATA_INTERESTING_DESC_NO_OTHER
379;clcks.me;f;f;t;
380;c.singular.net;f;f;f;DATA_INTERESTING_DESC_NO_OTHER
381;d-post-konto.com;f;f;f;DATA_INTERESTING_DESC_NO_OTHER
382;www.swagbucks.com;f;f;f;DATA_INTERESTING_DESC_NO_OTHER
383;go.gxmble.com;f;f;f;DATA_INTERESTING_DESC_NO_SCAM
384;icloud-signin.ir;f;f;f;DATA_INTERESTING_DESC_NO_OTHER
385;jcddr.com;f;f;f;DATA_INTERESTING_DESC_NO_OTHER
386;leyasaw.site;f;f;f;DATA_INTERESTING_DESC_NO_OTHER
387;myar.app;f;f;t;
388;open.empower.financ;f;f;f;DATA_INTERESTING_DESC_NO_OTHER
389;quiltnorth.me;f;f;f;DATA_INTERESTING_DESC_NO_OTHER
390;url07.top;f;f;f;DATA_INTERESTING_DESC_NO_SCAM
391;WhatsApp.com;f;f;f;DATA_INTERESTING_DESC_NO_OTHER
392;axa.es;f;f;t;
393;flyp.gs;f;f;t;
394;www.qara.app;f;f;f;DATA_INTERESTING_DESC_NO_OTHER
395;www.forbesindia.com;f;f;f;DATA_INTERESTING_DESC_NO_OTHER
396;cre.ac;f;f;t;DATA_INTERESTING_DESC_YES_PII
397;sms.nw-click.com;f;f;f;DATA_INTERESTING_DESC_NO_OTHER
398;bark.com;f;f;f;DATA_INTERESTING_DESC_NO_OTHER
399;clhi.cc;f;f;f;DATA_INTERESTING_DESC_NO_OTHER
400;dev.bp-frontend.tf.aws.bmjgroup.com;f;f;t;DATA_INTERESTING_DESC_YES_DISCOVERY
401;earnbetter.com;f;f;f;DATA_INTERESTING_DESC_NO_OTHER
402;zdloj.com;f;f;f;DATA_INTERESTING_DESC_NO_OTHER
403;go.seven.casino;f;f;f;DATA_INTERESTING_DESC_NO_SCAM
404;idme.page.link;f;f;f;DATA_INTERESTING_DESC_NO_OTHER
405;jmkey.win;f;f;f;DATA_INTERESTING_DESC_NO_SCAM
406;link.action.frieslandcampina.be;f;f;f;DATA_INTERESTING_DESC_NO_OTHER
407;mx.betcr.is;f;f;f;DATA_INTERESTING_DESC_NO_OTHER
408;ozvmcf.com;f;f;f;DATA_INTERESTING_DESC_NO_SCAM
409;qwww.americanexpress.com;f;f;f;DATA_INTERESTING_DESC_NO_OTHER
410;vbs.cm;f;f;f;DATA_INTERESTING_DESC_NO_OTHER
411;win96bet.mobi;f;f;f;DATA_INTERESTING_DESC_NO_OTHER
412;bancaonline.bankinter.com;f;f;t;
413;fugce.com;f;f;f;DATA_INTERESTING_DESC_NO_AD
414;www.superautosales.net;f;f;f;DATA_INTERESTING_DESC_NO_OTHER
415;www.google.com;f;f;f;DATA_INTERESTING_DESC_NO_OTHER
416;edrjmp.com;f;f;f;DATA_INTERESTING_DESC_NO_AD
417;submt.ai;f;f;t;DATA_INTERESTING_DESC_YES_PII
418;bhm.mobi;f;f;f;DATA_INTERESTING_DESC_NO_OTHER
419;client-allegro.earchiwum.pl;f;f;f;DATA_INTERESTING_DESC_NO_OTHER
420;device.payfone.com;f;f;t;
421;ecvz.top;f;f;f;DATA_INTERESTING_DESC_NO_SCAM
422;www.generali.es;f;f;t;
423;go.skyviewtrading.com;f;f;f;DATA_INTERESTING_DESC_NO_OTHER
424;imoulifevn.com.vn;f;f;f;DATA_INTERESTING_DESC_NO_OTHER
425;jthcsi.com;f;f;f;DATA_INTERESTING_DESC_NO_SCAM
426;link.dice.fm;f;f;t;
427;my.iplum.com;f;f;t;DATA_INTERESTING_DESC_YES_ACCOUNT_PASSWORD_RESET
428;pepsimax.zptr.im;f;f;f;DATA_INTERESTING_DESC_NO_AD
429;registroidentifica.val.comunidad.madrid;f;f;t;DATA_INTERESTING_DESC_YES_DISCOVERY
430;verificacion.repsolluzygas.com;f;f;t;
431;wizink.app-cartaopt.site;f;f;f;DATA_INTERESTING_DESC_NO_OTHER
432;bby.me;f;f;f;DATA_INTERESTING_DESC_NO_OTHER
433;gaudi.dating;f;f;t;DATA_INTERESTING_DESC_YES_ACCOUNT_PASSWORD_RESET
434;xy59r.app.goo.gl;f;f;f;DATA_INTERESTING_DESC_NO_AD
435;www.klm.nl;f;f;f;DATA_INTERESTING_DESC_NO_OTHER
436;e-Sign.link;f;f;f;DATA_INTERESTING_DESC_NO_SCAM
437;2h.ae;f;f;f;DATA_INTERESTING_DESC_NO_OTHER
438;bit2c.co.il;f;f;f;DATA_INTERESTING_DESC_NO_OTHER
439;clubtoka.com;f;f;t;
440;dev.pards.golf;f;f;t;
441;eel.nu;f;f;f;DATA_INTERESTING_DESC_NO_SCAM
442;www.dtac.co.th;f;f;f;DATA_INTERESTING_DESC_NO_OTHER
443;hdwn.xjwn.com;f;f;f;DATA_INTERESTING_DESC_NO_OTHER
444;instaastro.app.link;f;f;f;DATA_INTERESTING_DESC_NO_OTHER
445;kanseiwheels.pscrpt.io;f;f;f;DATA_INTERESTING_DESC_NO_AD
446;links.tide.co;f;f;f;DATA_INTERESTING_DESC_NO_AD
447;mykr.es;f;f;t;DATA_INTERESTING_DESC_YES_ACCOUNT_PASSWORD_RESET
448;phmacao.ink;f;f;f;DATA_INTERESTING_DESC_NO_SCAM,DATA_INTERESTING_DESC_NO_AD
449;reject.creditkasa.ua;f;f;f;DATA_INTERESTING_DESC_NO_OTHER
450;verify-v2.socure.com;f;f;t;
451;wlink.live;f;f;f;DATA_INTERESTING_DESC_NO_OTHER
452;bdr.page.link;f;f;t;DATA_INTERESTING_DESC_YES_PII,DATA_INTERESTING_DESC_YES_ACCOUNT_TAKEOVER
453;gestionaluz.com;f;f;f;DATA_INTERESTING_DESC_NO_OTHER
454;y4t.xyz;f;f;f;DATA_INTERESTING_DESC_NO_SCAM,DATA_INTERESTING_DESC_NO_AD
455;www.lyft.com;f;f;f;DATA_INTERESTING_DESC_NO_OTHER
456;app-driver.grubhub.com;f;f;f;DATA_INTERESTING_DESC_NO_OTHER
457;apis.imaginaenergia.com;f;f;t;
458;9as.ne;f;f;f;DATA_INTERESTING_DESC_NO_OTHER
459;a.ally;f;f;t;
460;b2w44.app.goo.gl;f;f;f;DATA_INTERESTING_DESC_NO_OTHER
461;bouclme.smsb.co;f;f;f;DATA_INTERESTING_DESC_NO_AD
462;bdo.to;f;f;f;DATA_INTERESTING_DESC_NO_OTHER
463;app.pango.co.il;f;f;f;DATA_INTERESTING_DESC_NO_OTHER
464;bouns.uno;f;f;f;DATA_INTERESTING_DESC_NO_OTHER
465;brgt.us;f;f;f;DATA_INTERESTING_DESC_NO_OTHER
466;bruno.pp24.co;f;f;f;DATA_INTERESTING_DESC_NO_OTHER
467;ciudjal.mx;f;f;f;DATA_INTERESTING_DESC_NO_OTHER
468;cutt.ly;f;f;f;DATA_INTERESTING_DESC_NO_OTHER
469;cvfq.top;f;f;f;DATA_INTERESTING_DESC_NO_OTHER
470;dali77b.top;f;f;f;DATA_INTERESTING_DESC_NO_OTHER
471;davidlloyd.page.li;f;f;f;DATA_INTERESTING_DESC_NO_OTHER
472;dev-payments2.deluxe.com;f;f;f;DATA_INTERESTING_DESC_NO_MISSED_OPPORTUNITY
473;driverdoc.io;f;f;f;DATA_INTERESTING_DESC_NO_OTHER
474;eapply.syf.com;f;f;f;DATA_INTERESTING_DESC_NO_OTHER
475;earnin.link;f;f;f;DATA_INTERESTING_DESC_NO_AD
476;eepurl.com;f;f;f;DATA_INTERESTING_DESC_NO_AD
477;g9b.xyz;f;f;f;DATA_INTERESTING_DESC_NO_SCAM,DATA_INTERESTING_DESC_NO_AD
478;gal-shared-e1-dev-app-cirsa.azurewebsites.net;f;f;t;
479;generali-cloud.infocert.it;f;f;t;
480;www.taptap.io;f;f;f;DATA_INTERESTING_DESC_NO_OTHER
481;www.trip.com;f;f;f;DATA_INTERESTING_DESC_NO_OTHER
482;xenia.pa;f;f;f;DATA_INTERESTING_DESC_NO_OTHER
483;zigota.co.il;f;f;f;DATA_INTERESTING_DESC_NO_OTHER
484;www.blackpearl.dev.prod;f;f;f;DATA_INTERESTING_DESC_NO_OTHER
485;www.blackpearl.dev;f;f;f;DATA_INTERESTING_DESC_NO_OTHER
486;www.afroint.com;f;f;t;DATA_INTERESTING_DESC_YES_PII
487;usa.experian.com;f;f;t;
488;url.upwork.com;f;f;t;
489;uben.me;f;f;f;DATA_INTERESTING_DESC_NO_AD
490;recovery.careem.c;f;f;f;DATA_INTERESTING_DESC_NO_OTHER
491;reject.navse.ua;f;f;f;DATA_INTERESTING_DESC_NO_OTHER
492;ro.betano.com;f;f;f;DATA_INTERESTING_DESC_NO_OTHER
493;saas-onboarding.incodesmile.com;f;f;f;DATA_INTERESTING_DESC_NO_MISSED_OPPORTUNITY
494;3bw.xyz;f;f;f;DATA_INTERESTING_DESC_NO_SCAM,DATA_INTERESTING_DESC_NO_AD
495;del.dhl.com;f;f;t;DATA_INTERESTING_DESC_YES_PII,DATA_INTERESTING_DESC_YES_ACCOUNT_TAKEOVER
496;hw7.xyz;f;f;f;DATA_INTERESTING_DESC_NO_SCAM,DATA_INTERESTING_DESC_NO_AD
497;intranet.val.comunidad.madrid;f;f;t;DATA_INTERESTING_DESC_YES_DISCOVERY
498;lazada.slatic.net;f;f;f;DATA_INTERESTING_DESC_NO_AD
499;links.expertmarket.com;f;f;f;DATA_INTERESTING_DESC_NO_AD
500;livestaging.s;f;f;f;DATA_INTERESTING_DESC_NO_AD
501;ljkxa.com;f;f;f;DATA_INTERESTING_DESC_NO_AD
502;l.seur.com;f;f;t;DATA_INTERESTING_DESC_YES_PII,DATA_INTERESTING_DESC_YES_ACCOUNT_TAKEOVER
503;medvidi.us;f;f;t;DATA_INTERESTING_DESC_YES_PII
504;mokka.bg;f;f;f;DATA_INTERESTING_DESC_NO_OTHER
505;mtnln9.com;f;f;f;DATA_INTERESTING_DESC_NO_SCAM,DATA_INTERESTING_DESC_NO_AD
506;multisend.co.il;f;f;f;DATA_INTERESTING_DESC_NO_MISSED_OPPORTUNITY
507;ox4.xyz;f;f;f;DATA_INTERESTING_DESC_NO_OTHER
508;pan.fm;f;f;f;DATA_INTERESTING_DESC_NO_OTHER
509;play.google.com;f;f;f;DATA_INTERESTING_DESC_NO_OTHER
510;poply.com;f;f;f;DATA_INTERESTING_DESC_NO_MISSED_OPPORTUNITY
511;prep.vn;f;f;f;DATA_INTERESTING_DESC_NO_OTHER
512;pubt.me;f;f;f;DATA_INTERESTING_DESC_NO_MISSED_OPPORTUNITY,DATA_INTERESTING_DESC_NO_OTHER
513;qrco.de;f;f;f;DATA_INTERESTING_DESC_NO_OTHER
514;signnow.com;f;f;t;DATA_INTERESTING_DESC_YES_PII
515;smgc.co;f;f;f;DATA_INTERESTING_DESC_NO_OTHER
516;spnwhl.io;f;f;f;DATA_INTERESTING_DESC_NO_OTHER
517;sqra.e;f;f;f;DATA_INTERESTING_DESC_NO_OTHER
518;s-telegram.cc;f;f;f;DATA_INTERESTING_DESC_NO_SCAM
519;stellaartois.zptr.im;f;f;f;DATA_INTERESTING_DESC_NO_AD
520;stella.zptco.im;f;f;f;DATA_INTERESTING_DESC_NO_AD
521;support-connexion.info;f;f;f;DATA_INTERESTING_DESC_NO_OTHER
522;tadaexp.co.uk;f;f;f;DATA_INTERESTING_DESC_NO_OTHER
523;tg2.ammal;f;f;f;DATA_INTERESTING_DESC_NO_AD
524;tg2.ammall;f;f;f;DATA_INTERESTING_DESC_NO_AD
525;tg2.ammall.x;f;f;f;DATA_INTERESTING_DESC_NO_AD
526;tg2.ammall.xyz;f;f;f;DATA_INTERESTING_DESC_NO_AD
527;t.prowolt.com;f;f;t;DATA_INTERESTING_DESC_YES_PII
528;tn2.uno;f;f;f;DATA_INTERESTING_DESC_NO_SCAM,DATA_INTERESTING_DESC_NO_AD
529;uaqa.org;f;f;f;DATA_INTERESTING_DESC_NO_SCAM,DATA_INTERESTING_DESC_NO_AD
530;treinta.app.link;f;f;f;DATA_INTERESTING_DESC_NO_OTHER
531;exp.ec;f;f;f;DATA_INTERESTING_DESC_NO_AD
532;account.lyf;f;f;f;DATA_INTERESTING_DESC_NO_OTHER
533;boatstr.co;f;f;f;DATA_INTERESTING_DESC_NO_OTHER
534;connect.stripe.com;f;f;t;
535;dev-payments2.delux;f;f;t;DATA_INTERESTING_DESC_YES_DISCOVERY
536;eutm.top;f;f;f;DATA_INTERESTING_DESC_NO_SCAM
537;www.dating100.pro;f;f;f;DATA_INTERESTING_DESC_NO_OTHER
538;hh-ballbot.my.id;f;f;f;DATA_INTERESTING_DESC_NO_OTHER
539;in.sumsub.com;f;f;t;
540;klo5.io;f;f;f;DATA_INTERESTING_DESC_NO_OTHER
541;lwuwd.com;f;f;f;DATA_INTERESTING_DESC_NO_SCAM
542;mymeo.page.link;f;f;f;DATA_INTERESTING_DESC_NO_OTHER
543;pockt.win;f;f;f;DATA_INTERESTING_DESC_NO_SCAM
544;revolut.com;f;f;f;DATA_INTERESTING_DESC_NO_OTHER
545;vivastreet.co.uk;f;f;f;DATA_INTERESTING_DESC_NO_OTHER
546;w-mt.mx;f;f;f;DATA_INTERESTING_DESC_NO_OTHER
329;e.lilly;f;t;t;DATA_INTERESTING_DESC_YES_PII
4421;ilinks.petalcard.co;f;f;f;DATA_INTERESTING_DESC_NO_OTHER
4970;d.didiglobal.com;f;f;f;DATA_INTERESTING_DESC_NO_OTHER
5519;account.lyft.c;f;f;f;DATA_INTERESTING_DESC_NO_OTHER
4971;192.168.10.69;f;f;f;DATA_INTERESTING_DESC_NO_OTHER
5520;upspostal.top;f;f;f;DATA_INTERESTING_DESC_NO_OTHER
4972;1f3.pw;f;f;f;DATA_INTERESTING_DESC_NO_OTHER
5521;mtokeny.com;f;f;t;DATA_INTERESTING_DESC_YES_ACCOUNT_TAKEOVER
5522;api-dev.pay.odero.ro;f;f;t;
1092;3rw.xyz;f;f;f;DATA_INTERESTING_DESC_NO_SCAM
1093;58r.xyz;f;f;f;DATA_INTERESTING_DESC_NO_SCAM
1094;account.l;f;f;f;DATA_INTERESTING_DESC_NO_OTHER
1095;account.am;f;f;f;DATA_INTERESTING_DESC_NO_OTHER
1096;support.stripe.com;f;f;f;DATA_INTERESTING_DESC_NO_OTHER
1097;summer-btr.test;f;f;f;DATA_INTERESTING_DESC_NO_OTHER
1098;summerbtr.techenablers.info;f;f;t;DATA_INTERESTING_DESC_YES_PII
1099;s.wee.ai;f;f;f;DATA_INTERESTING_DESC_NO_OTHER
1100;testlegal.arctrieval.com;f;f;t;
1101;tfch.pscrpt.io;f;f;f;DATA_INTERESTING_DESC_NO_AD
1102;tickets.kupat.co.il;f;f;f;DATA_INTERESTING_DESC_NO_MISSED_OPPORTUNITY
1103;t.ly;f;f;f;DATA_INTERESTING_DESC_NO_OTHER
1104;tneu.in;f;f;f;DATA_INTERESTING_DESC_NO_OTHER
1105;tlfapparel.smsb.co;f;f;f;DATA_INTERESTING_DESC_NO_OTHER
1106;api.enyrgy.com;f;f;f;DATA_INTERESTING_DESC_NO_OTHER
1107;api-stage-global.aircloudhome.com;f;f;f;DATA_INTERESTING_DESC_NO_OTHER
1108;app.adplist.org;f;f;t;DATA_INTERESTING_DESC_YES_PII
1109;app.albert.com;f;f;t;DATA_INTERESTING_DESC_YES_ACCOUNT_PASSWORD_RESET
1110;app.gifted.co;f;f;f;DATA_INTERESTING_DESC_NO_OTHER
1111;areaclientes.orange.es;f;f;t;DATA_INTERESTING_DESC_YES_ACCOUNT_PASSWORD_RESET
1112;ar.Ticketor.com;f;f;f;DATA_INTERESTING_DESC_NO_OTHER
1113;asap.to;f;f;f;DATA_INTERESTING_DESC_NO_AD
1114;5dnizai.eu;f;f;f;DATA_INTERESTING_DESC_NO_OTHER
1115;Appleid.us;f;f;f;DATA_INTERESTING_DESC_NO_OTHER
1116;acesso.wifi.nos.pt;f;f;f;DATA_INTERESTING_DESC_NO_OTHER
1117;adanione.onelink.me;f;f;f;DATA_INTERESTING_DESC_NO_OTHER
1118;app.alls;f;f;f;DATA_INTERESTING_DESC_NO_OTHER
1119;app.stage.ethoslife.com;f;f;t;
1120;ayuda-entrega.com;f;f;f;DATA_INTERESTING_DESC_NO_OTHER
1121;banca-movilbbva.com;f;f;f;DATA_INTERESTING_DESC_NO_OTHER
1122;bbva.es-seguridad-apps.com;f;f;f;DATA_INTERESTING_DESC_NO_OTHER
1123;bbva.movil-aviso.c;f;f;f;DATA_INTERESTING_DESC_NO_OTHER
1124;bbva.movil-aviso.co;f;f;f;DATA_INTERESTING_DESC_NO_OTHER
1125;bbva-moviles.com;f;f;f;DATA_INTERESTING_DESC_NO_OTHER
1126;b.gett.com;f;f;f;DATA_INTERESTING_DESC_NO_OTHER
1127;bitvavo.com;f;f;f;DATA_INTERESTING_DESC_NO_OTHER
1128;blackusdt.com;f;f;f;DATA_INTERESTING_DESC_NO_OTHER
1129;buly.kr;f;f;f;DATA_INTERESTING_DESC_NO_AD
1130;casui.cc;f;f;f;DATA_INTERESTING_DESC_NO_OTHER
1131;cutt.l;f;f;f;DATA_INTERESTING_DESC_NO_OTHER
1132;davidlloyd.page.link;f;f;f;DATA_INTERESTING_DESC_NO_OTHER
1133;d.doctoralia.com.br;f;f;t;DATA_INTERESTING_DESC_YES_PII
1134;deals.usfixandflip.com;f;f;f;DATA_INTERESTING_DESC_NO_OTHER
1135;dev.creditgenius.co.uk;f;f;f;DATA_INTERESTING_DESC_NO_OTHER
1136;dev.myar.app;f;f;t;
1137;discord.gg;f;f;f;DATA_INTERESTING_DESC_NO_OTHER
1138;dl.bip.com;f;f;f;DATA_INTERESTING_DESC_NO_OTHER
1139;dsms.logalty.es;f;f;f;DATA_INTERESTING_DESC_NO_OTHER
1140;eats2seatssandbox.workbright.com;f;f;f;DATA_INTERESTING_DESC_NO_OTHER
1141;eej.a;f;f;f;DATA_INTERESTING_DESC_NO_OTHER
1142;e-medcare.com;f;f;f;DATA_INTERESTING_DESC_NO_OTHER
1143;estafetamexico.net;f;f;f;DATA_INTERESTING_DESC_NO_OTHER
1144;estafeta-mx.net;f;f;f;DATA_INTERESTING_DESC_NO_OTHER
1145;fin.sbs;f;f;f;DATA_INTERESTING_DESC_NO_OTHER
1146;firmas.ganaenergia.com;f;f;f;DATA_INTERESTING_DESC_NO_OTHER
1147;featherup.net;f;f;f;DATA_INTERESTING_DESC_NO_AD
1148;exp.cx;f;f;f;DATA_INTERESTING_DESC_NO_AD
1149;www.pcgamesupply.com;f;f;f;DATA_INTERESTING_DESC_NO_OTHER
1150;www.ultrawin666.com;f;f;f;DATA_INTERESTING_DESC_NO_OTHER
1151;www.yelp.com;f;f;f;DATA_INTERESTING_DESC_NO_OTHER
1152;xooloo-messenger.com;f;f;t;
1153;y8uwp.com;f;f;f;DATA_INTERESTING_DESC_NO_AD
1154;yga1.co;f;f;f;DATA_INTERESTING_DESC_NO_AD
1155;youtube.com;f;f;f;DATA_INTERESTING_DESC_NO_OTHER
1156;yuhnu.com;f;f;f;DATA_INTERESTING_DESC_NO_AD
1157;zip1.co;f;f;f;DATA_INTERESTING_DESC_NO_AD
1158;zo9.xyz;f;f;f;DATA_INTERESTING_DESC_NO_AD
1159;zwt1.co;f;f;f;DATA_INTERESTING_DESC_NO_AD
1160;www.fet-app.com;f;f;t;DATA_INTERESTING_DESC_YES_ACCOUNT_PASSWORD_RESET
1161;www.fuelforex.com;f;f;f;DATA_INTERESTING_DESC_NO_OTHER
1162;www.lacoste.co.th;f;f;f;DATA_INTERESTING_DESC_NO_OTHER
1163;www.movistar.es;f;f;f;DATA_INTERESTING_DESC_NO_OTHER
1164;www.omf.com;f;f;f;DATA_INTERESTING_DESC_NO_OTHER
1165;www.emirates.com;f;f;f;DATA_INTERESTING_DESC_NO_OTHER
1166;verify-account.com;f;f;f;DATA_INTERESTING_DESC_NO_OTHER
1167;vls.velhop.strasbourg.eu;f;f;t;DATA_INTERESTING_DESC_YES_ACCOUNT_TAKEOVER
1168;cefrs.icu;f;f;f;DATA_INTERESTING_DESC_NO_SCAM,DATA_INTERESTING_DESC_NO_AD
1169;chkak.me;f;f;f;DATA_INTERESTING_DESC_NO_SCAM
1170;clcr.me;f;f;f;DATA_INTERESTING_DESC_NO_OTHER
1171;correros-es.top;f;f;f;DATA_INTERESTING_DESC_NO_OTHER
1172;correros.top;f;f;f;DATA_INTERESTING_DESC_NO_OTHER
1173;cp3qa.oneinc.com;f;f;f;DATA_INTERESTING_DESC_NO_OTHER
1174;crdblt.co.uk;f;f;t;DATA_INTERESTING_DESC_YES_PII
1175;customerappdev.web.app;f;f;t;DATA_INTERESTING_DESC_YES_PII
1176;d.doctoralia.es;f;f;t;
1177;eyumek.com;f;f;f;DATA_INTERESTING_DESC_NO_SCAM
1178;force-us-app.moj.io;f;f;t;
1179;freshlyus.com;f;f;f;DATA_INTERESTING_DESC_NO_AD
1180;fw.pe;f;f;f;DATA_INTERESTING_DESC_NO_SCAM,DATA_INTERESTING_DESC_NO_AD
1181;gkkq.me;f;f;f;DATA_INTERESTING_DESC_NO_SCAM
1182;glsx.co;f;f;t;
1183;g.mxget.loan;f;f;f;DATA_INTERESTING_DESC_NO_OTHER
1184;gnzbet.io;f;f;f;DATA_INTERESTING_DESC_NO_AD
1185;go.checkinasyst.com;f;f;t;
1186;go.cred.ai;f;f;f;DATA_INTERESTING_DESC_NO_AD
1187;gofly.united.c;f;f;f;DATA_INTERESTING_DESC_NO_OTHER
1188;gofly.united.com;f;f;t;
1189;go.gamblii.com;f;f;f;DATA_INTERESTING_DESC_NO_AD
1190;go.infinitaii.com;f;f;f;DATA_INTERESTING_DESC_NO_SCAM
1191;go.seated.com;f;f;f;DATA_INTERESTING_DESC_NO_OTHER
1192;go.skypush.net;f;f;f;DATA_INTERESTING_DESC_NO_OTHER
1193;help-luxtrust.lu;f;f;f;DATA_INTERESTING_DESC_NO_OTHER
1194;helpdesk.me;f;f;t;
1195;h0v.xyz;f;f;f;DATA_INTERESTING_DESC_NO_SCAM
1196;gxpdc.com;f;f;f;DATA_INTERESTING_DESC_NO_AD
1197;gtly.to;f;f;f;DATA_INTERESTING_DESC_NO_OTHER
1198;go.slottio.com;f;f;f;DATA_INTERESTING_DESC_NO_AD
1199;hiretable.com;f;f;f;DATA_INTERESTING_DESC_NO_OTHER
1200;hldw.me;f;f;f;DATA_INTERESTING_DESC_NO_OTHER
1201;hmbase.co;f;f;f;DATA_INTERESTING_DESC_NO_OTHER
1202;hngm.app;f;f;f;DATA_INTERESTING_DESC_NO_OTHER
1203;huaw.top;f;f;f;DATA_INTERESTING_DESC_NO_AD
1204;i24ss.net;f;f;f;DATA_INTERESTING_DESC_NO_OTHER
1205;icro.co;f;f;f;DATA_INTERESTING_DESC_NO_AD
1206;id.onfido.com;f;f;f;DATA_INTERESTING_DESC_NO_OTHER
1207;imap-findmy-app.us;f;f;f;DATA_INTERESTING_DESC_NO_SCAM
1208;info.ecommercefreedom.co;f;f;f;DATA_INTERESTING_DESC_NO_OTHER
1209;intake.novelhealth.ai;f;f;t;
1210;inyp.me;f;f;f;DATA_INTERESTING_DESC_NO_AD
1211;itn2y3.com;f;f;f;DATA_INTERESTING_DESC_NO_AD
1212;i.tomatebet.com;f;f;f;DATA_INTERESTING_DESC_NO_AD
1213;-k.io;f;f;f;DATA_INTERESTING_DESC_NO_OTHER
1214;klo1.io;f;f;f;DATA_INTERESTING_DESC_NO_OTHER
1215;kualis.onelink.me;f;f;f;DATA_INTERESTING_DESC_NO_OTHER
1216;kvg9i9.com;f;f;f;DATA_INTERESTING_DESC_NO_AD
1217;kyc.wallester.com;f;f;t;
1218;lc.lacoste.co.th;f;f;f;DATA_INTERESTING_DESC_NO_AD
1219;interviewer.dev.soap.health;f;f;t;
1220;link411.xyz;f;f;f;DATA_INTERESTING_DESC_NO_OTHER
1221;link.oceanfinance.co.uk;f;f;f;DATA_INTERESTING_DESC_NO_AD
1222;link.proof.com;f;f;t;
1223;linkr.it;f;f;f;DATA_INTERESTING_DESC_NO_SCAM
1224;link.thinkmoney.co.uk;f;f;f;DATA_INTERESTING_DESC_NO_AD
1225;ljs8v.click;f;f;f;DATA_INTERESTING_DESC_NO_AD
1226;l-k.io;f;f;f;DATA_INTERESTING_DESC_NO_OTHER
1227;llave.cdmx.gob.mx;f;f;f;DATA_INTERESTING_DESC_NO_OTHER
1228;l.lott.co;f;f;f;DATA_INTERESTING_DESC_NO_AD
1229;lloydkasi.tangled.com;f;f;f;DATA_INTERESTING_DESC_NO_OTHER
1230;lnk.bio;f;f;f;DATA_INTERESTING_DESC_NO_OTHER
1231;ln.run;f;f;f;DATA_INTERESTING_DESC_NO_OTHER
1232;lny.io;f;f;t;DATA_INTERESTING_DESC_YES_PII
1233;ltrk.co;f;f;f;DATA_INTERESTING_DESC_NO_OTHER
1234;mhbq.me;f;f;f;DATA_INTERESTING_DESC_NO_SCAM
1235;mijn-berichten.com;f;f;f;DATA_INTERESTING_DESC_NO_OTHER
1236;misuscripcionayuda.com;f;f;f;DATA_INTERESTING_DESC_NO_OTHER
1237;moneyman.com.mx;f;f;f;DATA_INTERESTING_DESC_NO_MISSED_OPPORTUNITY
1238;m.santalucia.es;f;f;f;DATA_INTERESTING_DESC_NO_OTHER
1239;msg.earnrwds.com;f;f;t;DATA_INTERESTING_DESC_YES_PII
1337;wmess.net;f;f;f;DATA_INTERESTING_DESC_NO_OTHER
1240;mylocker.virginactive.co.th;f;f;t;DATA_INTERESTING_DESC_YES_PII,DATA_INTERESTING_DESC_YES_ACCOUNT_TAKEOVER
1241;myparcel-track-find.info;f;f;f;DATA_INTERESTING_DESC_NO_OTHER
1242;mzpun.com;f;f;f;DATA_INTERESTING_DESC_NO_AD
1243;new.expensify.com;f;f;f;DATA_INTERESTING_DESC_NO_OTHER
1244;nicrisinsurance.com;f;f;f;DATA_INTERESTING_DESC_NO_OTHER
1245;niuo.me;f;f;f;DATA_INTERESTING_DESC_NO_SCAM
1246;oia.didiglobal.com;f;f;f;DATA_INTERESTING_DESC_NO_OTHER
1247;oran.ge;f;f;f;DATA_INTERESTING_DESC_NO_OTHER
1248;oss.rc.eu01.idv.onespan.cloud;f;f;t;
1249;otp02.com;f;f;f;DATA_INTERESTING_DESC_NO_OTHER
1250;owners.kia.com;f;f;t;DATA_INTERESTING_DESC_YES_ACCOUNT_PASSWORD_RESET
1251;patient.staging.advinow.ai;f;f;f;DATA_INTERESTING_DESC_NO_OTHER
1252;pay.link;f;f;f;DATA_INTERESTING_DESC_NO_OTHER
1253;payments2.deluxe.com;f;f;f;DATA_INTERESTING_DESC_NO_OTHER
1254;pdoc.co;f;f;f;DATA_INTERESTING_DESC_NO_OTHER
1255;pepsimax.zptr.i;f;f;f;DATA_INTERESTING_DESC_NO_OTHER
1256;phototan-legitimationen.de;f;f;f;DATA_INTERESTING_DESC_NO_OTHER
1257;playoneup.page.lin;f;f;f;DATA_INTERESTING_DESC_NO_OTHER
1258;playoneup.page.link;f;f;f;DATA_INTERESTING_DESC_NO_OTHER
1259;portal.joblogic.com;f;f;t;DATA_INTERESTING_DESC_YES_PII
1260;posh.vip;f;f;f;DATA_INTERESTING_DESC_NO_OTHER
1261;preprod.iqos.pt;f;f;t;
1262;pre.vosita.com;f;f;t;DATA_INTERESTING_DESC_YES_PII
1263;py.p;f;f;f;DATA_INTERESTING_DESC_NO_OTHER
1264;otp04.com;f;f;f;DATA_INTERESTING_DESC_NO_OTHER
1265;portal.notified.com;f;f;f;DATA_INTERESTING_DESC_NO_OTHER
1266;pzka.net;f;f;f;DATA_INTERESTING_DESC_NO_OTHER
1267;qa.ehealth.com;f;f;f;DATA_INTERESTING_DESC_NO_OTHER
1268;qmenu.biz;f;f;f;DATA_INTERESTING_DESC_NO_OTHER
1269;qvv7.cc;f;f;f;DATA_INTERESTING_DESC_NO_OTHER
1270;rappi.app.link;f;f;f;DATA_INTERESTING_DESC_NO_OTHER
1271;rc.eu01.idv.onespan.cloud;f;f;f;DATA_INTERESTING_DESC_NO_OTHER
1272;rebrand.ly;f;f;f;DATA_INTERESTING_DESC_NO_OTHER
1273;receive-smss.com;f;f;f;DATA_INTERESTING_DESC_NO_OTHER
1274;review.new;f;f;f;DATA_INTERESTING_DESC_NO_OTHER
1275;rocketcoms.io;f;f;f;DATA_INTERESTING_DESC_NO_OTHER
1276;ruedaygana.com;f;f;f;DATA_INTERESTING_DESC_NO_AD
1277;ryml.me;f;f;t;DATA_INTERESTING_DESC_YES_PII
1278;s.academy.com;f;f;f;DATA_INTERESTING_DESC_NO_AD
1279;sanaozel.hepsiburada.com;f;f;f;DATA_INTERESTING_DESC_NO_OTHER
1280;santa-aktuell.co;f;f;f;DATA_INTERESTING_DESC_NO_OTHER
1281;santander.pt-segura;f;f;f;DATA_INTERESTING_DESC_NO_OTHER
1282;santander.pt-seguraca;f;f;f;DATA_INTERESTING_DESC_NO_OTHER
1283;santander.pt-seguraca.com;f;f;f;DATA_INTERESTING_DESC_NO_OTHER
1284;saski.smsb.co;f;f;f;DATA_INTERESTING_DESC_NO_AD
1285;sbdx.pl;f;f;f;DATA_INTERESTING_DESC_NO_OTHER
1286;s.credy.mx;f;f;f;DATA_INTERESTING_DESC_NO_AD
1287;scr.to;f;f;f;DATA_INTERESTING_DESC_NO_AD
1288;seated.link;f;f;f;DATA_INTERESTING_DESC_NO_AD
1289;services.quicken.com;f;f;f;DATA_INTERESTING_DESC_NO_OTHER
1290;sessions.console.gotoresolve.com;f;f;f;DATA_INTERESTING_DESC_NO_OTHER
1291;shein.t;f;f;f;DATA_INTERESTING_DESC_NO_OTHER
1292;sh.icp.es;f;f;f;DATA_INTERESTING_DESC_NO_OTHER
1293;s.klook.com;f;f;f;DATA_INTERESTING_DESC_NO_OTHER
1294;sm5.co;f;f;f;DATA_INTERESTING_DESC_NO_OTHER
1295;smart-dsk.com;f;f;f;DATA_INTERESTING_DESC_NO_OTHER
1296;sms.solutions4mobiles.com;f;f;t;
1297;sms.thediamondstore.com;f;f;f;DATA_INTERESTING_DESC_NO_AD
1298;sms.zasta.de;f;f;f;DATA_INTERESTING_DESC_NO_OTHER
1299;snapchat.com;f;f;f;DATA_INTERESTING_DESC_NO_OTHER
1300;sonarhome.pl;f;f;f;DATA_INTERESTING_DESC_NO_OTHER
1301;soundbetter.com;f;f;f;DATA_INTERESTING_DESC_NO_OTHER
1302;spikenow.com;f;f;f;DATA_INTERESTING_DESC_NO_OTHER
1303;staging.findigs.com;f;f;f;DATA_INTERESTING_DESC_NO_OTHER
1304;staging.ishi.care;f;f;f;DATA_INTERESTING_DESC_NO_OTHER
1305;staging.match;f;f;f;DATA_INTERESTING_DESC_NO_OTHER
1306;staging.novelhealth.ai;f;f;f;DATA_INTERESTING_DESC_NO_OTHER
1307;staging.rent.findigs.com;f;f;f;DATA_INTERESTING_DESC_NO_OTHER
1308;staging.sky;f;f;f;DATA_INTERESTING_DESC_NO_OTHER
1309;staging-us.rival.chat;f;f;f;DATA_INTERESTING_DESC_NO_OTHER
1310;start.qat;f;f;f;DATA_INTERESTING_DESC_NO_OTHER
1311;start.qatreated.com;f;f;f;DATA_INTERESTING_DESC_NO_OTHER
1312;start.stagingtreated.com;f;f;f;DATA_INTERESTING_DESC_NO_OTHER
1313;static.dev.profund.net;f;f;f;DATA_INTERESTING_DESC_NO_OTHER
1314;static.qa;f;f;f;DATA_INTERESTING_DESC_NO_OTHER
1315;static.qa.profund.net;f;f;f;DATA_INTERESTING_DESC_NO_OTHER
1316;stg.wooskill.net;f;f;f;DATA_INTERESTING_DESC_NO_OTHER
1317;storinkya.com;f;f;f;DATA_INTERESTING_DESC_NO_OTHER
1318;suo.yt;f;f;f;DATA_INTERESTING_DESC_NO_OTHER
1319;tbi.link;f;f;f;DATA_INTERESTING_DESC_NO_OTHER
1320;t.college-future.com;f;f;f;DATA_INTERESTING_DESC_NO_OTHER
1321;telegram.org;f;f;f;DATA_INTERESTING_DESC_NO_OTHER
1322;test.gigandtake.com;f;f;f;DATA_INTERESTING_DESC_NO_OTHER
1323;uzy.es;f;f;f;DATA_INTERESTING_DESC_NO_OTHER
1325;vividmoney.onelink.me;f;f;f;DATA_INTERESTING_DESC_NO_OTHER
1326;vnhw.me;f;f;f;DATA_INTERESTING_DESC_NO_AD
1327;vsms.co;f;f;f;DATA_INTERESTING_DESC_NO_SCAM
1328;waysupport.page.li;f;f;f;DATA_INTERESTING_DESC_NO_OTHER
1329;tokentransit.com;f;f;f;DATA_INTERESTING_DESC_NO_OTHER
1330;trackmytaxi.com;f;f;t;
1331;trip.uber.com;f;f;t;
1332;t.shaadi.com;f;f;f;DATA_INTERESTING_DESC_NO_OTHER
1333;t.spwh.co;f;f;f;DATA_INTERESTING_DESC_NO_SCAM
1334;tu1.fun;f;f;f;DATA_INTERESTING_DESC_NO_OTHER
1335;tu2.uno;f;f;f;DATA_INTERESTING_DESC_NO_OTHER
1336;uatportal.joblogic.com;f;f;f;DATA_INTERESTING_DESC_NO_OTHER
1338;wmnss.com;f;f;f;DATA_INTERESTING_DESC_NO_OTHER
1339;www.amh.com;f;f;f;DATA_INTERESTING_DESC_NO_OTHER
1340;www.apps-bbva-inic;f;f;f;DATA_INTERESTING_DESC_NO_OTHER
1341;www.coinbase.com;f;f;f;DATA_INTERESTING_DESC_NO_OTHER
1342;www.contante.es;f;f;f;DATA_INTERESTING_DESC_NO_OTHER
1343;www.lycamobile.us;f;f;t;DATA_INTERESTING_DESC_YES_ACCOUNT_TAKEOVER
1344;www.pp.iqos.com;f;f;f;DATA_INTERESTING_DESC_NO_OTHER
1345;www.viavan.com;f;f;f;DATA_INTERESTING_DESC_NO_OTHER
4968;davidlloyd.page.l;f;f;f;DATA_INTERESTING_DESC_NO_OTHER
4969;davidlloyd.page;f;f;f;DATA_INTERESTING_DESC_NO_OTHER
2145;tk3.xyz;f;f;f;DATA_INTERESTING_DESC_NO_SCAM
2146;tas2u.page.link;f;f;f;DATA_INTERESTING_DESC_NO_OTHER
2147;t2m.io;f;f;f;DATA_INTERESTING_DESC_NO_OTHER
2148;post-told.com;f;f;f;DATA_INTERESTING_DESC_NO_OTHER
2149;pay.foodhub.com;f;f;f;DATA_INTERESTING_DESC_NO_OTHER
2150;platacard.mx;f;f;f;DATA_INTERESTING_DESC_NO_OTHER
2151;fscr.i;f;f;f;DATA_INTERESTING_DESC_NO_AD
2152;coin.cz;f;f;f;DATA_INTERESTING_DESC_NO_OTHER
2153;liberty-partnerportal-qa.us-east-1.elasticbeanstalk.com;f;f;f;DATA_INTERESTING_DESC_NO_OTHER
2154;oemq.me;f;f;f;DATA_INTERESTING_DESC_NO_AD
2155;netflix.abo.co;f;f;f;DATA_INTERESTING_DESC_NO_OTHER
2156;my.escort-adviso;f;f;f;DATA_INTERESTING_DESC_NO_OTHER
2157;oxrb.me;f;f;f;DATA_INTERESTING_DESC_NO_OTHER
2158;payment.brooky.io;f;f;t;DATA_INTERESTING_DESC_YES_PII
2159;payments2.deluxe.c;f;f;f;DATA_INTERESTING_DESC_NO_OTHER
2160;sign.clicka;f;f;f;DATA_INTERESTING_DESC_NO_OTHER
2161;sign.clickandsign.eu;f;f;f;DATA_INTERESTING_DESC_NO_OTHER
2162;slng6.com;f;f;f;DATA_INTERESTING_DESC_NO_OTHER
2163;t.prodoluxe.com;f;f;f;DATA_INTERESTING_DESC_NO_OTHER
2164;tcrdt.com;f;f;f;DATA_INTERESTING_DESC_NO_OTHER
2165;storinkys.com;f;f;f;DATA_INTERESTING_DESC_NO_OTHER
2166;www.lbr.co.il;f;f;f;DATA_INTERESTING_DESC_NO_OTHER
2167;www.handy.com;f;f;t;DATA_INTERESTING_DESC_YES_PII
2168;www.fernovo.co.uk;f;f;f;DATA_INTERESTING_DESC_NO_OTHER
2169;www.expensify.com;f;f;f;DATA_INTERESTING_DESC_NO_OTHER
2170;WWW-DHL-COM.me;f;f;f;DATA_INTERESTING_DESC_NO_OTHER
2171;vodafoneinfo.one;f;f;f;DATA_INTERESTING_DESC_NO_OTHER
2172;www.amazon.c;f;f;f;DATA_INTERESTING_DESC_NO_OTHER
2173;www.app-abanca-inicios.com;f;f;f;DATA_INTERESTING_DESC_NO_OTHER
2174;wwwapps.ups.com;f;f;f;DATA_INTERESTING_DESC_NO_OTHER
2175;www.bigma;f;f;f;DATA_INTERESTING_DESC_NO_OTHER
2176;us06web.zoom.us;f;f;f;DATA_INTERESTING_DESC_NO_OTHER
2177;turo.com;f;f;f;DATA_INTERESTING_DESC_NO_OTHER
2178;prd.payment.amadeus.com;f;f;f;DATA_INTERESTING_DESC_NO_OTHER
2179;rebrnd.ly;f;f;f;DATA_INTERESTING_DESC_NO_OTHER
2180;reurl.cc;f;f;f;DATA_INTERESTING_DESC_NO_OTHER
2181;paysend.com;f;f;f;DATA_INTERESTING_DESC_NO_OTHER
2182;instashopper.app.link;f;f;f;DATA_INTERESTING_DESC_NO_OTHER
2183;jahc.me;f;f;f;DATA_INTERESTING_DESC_NO_OTHER
2184;kikoff.co;f;f;f;DATA_INTERESTING_DESC_NO_OTHER
2185;kly6.io;f;f;f;DATA_INTERESTING_DESC_NO_OTHER
2186;g.page;f;f;f;DATA_INTERESTING_DESC_NO_OTHER
2187;fgt.pt;f;f;f;DATA_INTERESTING_DESC_NO_OTHER
2188;dcodp.in;f;f;f;DATA_INTERESTING_DESC_NO_OTHER
2189;account.amazo;f;f;f;DATA_INTERESTING_DESC_NO_OTHER
2190;16vip777.lol;f;f;f;DATA_INTERESTING_DESC_NO_OTHER
2191;bankinter.proteccion-movil.com;f;f;f;DATA_INTERESTING_DESC_NO_OTHER
2192;bbva-es-infor1.com;f;f;f;DATA_INTERESTING_DESC_NO_OTHER
2193;blst.co;f;f;f;DATA_INTERESTING_DESC_NO_OTHER
2194;q-payments.deluxe.c;f;f;f;DATA_INTERESTING_DESC_NO_OTHER
2195;q-payments.deluxe;f;f;f;
2748;amazingtalker.com;f;f;f;DATA_INTERESTING_DESC_NO_MISSED_OPPORTUNITY
2824;app.connecteam.com;f;f;f;DATA_INTERESTING_DESC_NO_OTHER
3047;apply.quidmarketloans.com;f;f;f;DATA_INTERESTING_DESC_NO_OTHER
3048;app.adpstaging.cloud;f;f;f;DATA_INTERESTING_DESC_NO_OTHER
3049;1.1.1.1;f;f;f;DATA_INTERESTING_DESC_NO_OTHER
3050;0s6.xyz;f;f;f;DATA_INTERESTING_DESC_NO_OTHER
3051;4tr.info;f;f;f;DATA_INTERESTING_DESC_NO_OTHER
3052;74n.xyz;f;f;f;DATA_INTERESTING_DESC_NO_OTHER
3053;8.8.8.8;f;f;t;DATA_INTERESTING_DESC_YES_PII
3054;handoff.onefootprint.com;f;f;t;
3055;alicetest.cardta;f;f;f;DATA_INTERESTING_DESC_NO_OTHER
3056;alicetest.cardtapp.com;f;f;f;DATA_INTERESTING_DESC_NO_OTHER
3057;amazon.ca;f;f;f;DATA_INTERESTING_DESC_NO_OTHER
3058;amazon.eg;f;f;f;DATA_INTERESTING_DESC_NO_OTHER
3059;app.arrivy.com;f;f;f;DATA_INTERESTING_DESC_NO_OTHER
3060;app.virfon.com;f;f;f;DATA_INTERESTING_DESC_NO_OTHER
3061;bobtest.cardtapp.c;f;f;f;DATA_INTERESTING_DESC_NO_OTHER
3062;bobtest.cardtapp.com;f;f;f;DATA_INTERESTING_DESC_NO_OTHER
3063;calendly.co;f;f;f;DATA_INTERESTING_DESC_NO_OTHER
3064;cash.klover.app;f;f;f;DATA_INTERESTING_DESC_NO_OTHER
3065;Cashpoint.ua;f;f;f;DATA_INTERESTING_DESC_NO_OTHER
3066;cdl.booksy.c;f;f;f;DATA_INTERESTING_DESC_NO_OTHER
3067;ckeeper.co;f;f;f;DATA_INTERESTING_DESC_NO_OTHER
3068;confrm.co.uk;f;f;f;DATA_INTERESTING_DESC_NO_OTHER
3069;crwsh.co;f;f;f;DATA_INTERESTING_DESC_NO_OTHER
3070;dev.myls.co:;f;f;f;DATA_INTERESTING_DESC_NO_OTHER
3071;d.znamylekar.cz;f;f;f;DATA_INTERESTING_DESC_NO_OTHER
3072;efl.ac;f;f;f;DATA_INTERESTING_DESC_NO_OTHER
3073;fy5.xyz;f;f;f;DATA_INTERESTING_DESC_NO_OTHER
3074;gets1.co;f;f;f;DATA_INTERESTING_DESC_NO_OTHER
3075;golink.icu;f;f;f;DATA_INTERESTING_DESC_NO_OTHER
3076;i-s.ekeynox.net;f;f;f;DATA_INTERESTING_DESC_NO_OTHER
3077;israels-course.com;f;f;f;DATA_INTERESTING_DESC_NO_OTHER
3078;itunes.apple.com;f;f;f;DATA_INTERESTING_DESC_NO_OTHER
3079;l4u.one;f;f;f;DATA_INTERESTING_DESC_NO_OTHER
3080;bet97ee.me;f;f;f;DATA_INTERESTING_DESC_NO_OTHER
3081;link.ftn.app;f;f;t;DATA_INTERESTING_DESC_YES_ACCOUNT_TAKEOVER
3082;me-gov-il.cc;f;f;f;DATA_INTERESTING_DESC_NO_OTHER
3083;mpa1.co;f;f;f;DATA_INTERESTING_DESC_NO_OTHER
3084;novelhealth.ai;f;f;f;DATA_INTERESTING_DESC_NO_OTHER
3085;paramia.onelin;f;f;f;DATA_INTERESTING_DESC_NO_OTHER
3086;pepe.air-drops.at;f;f;f;DATA_INTERESTING_DESC_NO_OTHER
3087;po6.xyz;f;f;f;DATA_INTERESTING_DESC_NO_OTHER
3088;qa-api.sls.evo-pm.com;f;f;f;DATA_INTERESTING_DESC_NO_OTHER
3089;q-payments.deluxe.com;f;f;f;DATA_INTERESTING_DESC_NO_OTHER
3090;rxbet.io;f;f;f;DATA_INTERESTING_DESC_NO_AD
3091;ryvcs.net;f;f;f;DATA_INTERESTING_DESC_NO_AD
3092;seated.l;f;f;f;DATA_INTERESTING_DESC_NO_AD
3093;seated.li;f;f;f;DATA_INTERESTING_DESC_NO_AD
3094;shln.me;f;f;f;DATA_INTERESTING_DESC_NO_OTHER
3095;zahg.me;f;f;f;DATA_INTERESTING_DESC_NO_OTHER
3096;wzkn.me;f;f;f;DATA_INTERESTING_DESC_NO_AD
3097;www.tru;f;f;f;DATA_INTERESTING_DESC_NO_OTHER
3098;www.info-bbva-soportes.com;f;f;f;DATA_INTERESTING_DESC_NO_OTHER
3099;www.apps-bbva-inicio.c;f;f;f;DATA_INTERESTING_DESC_NO_OTHER
3100;www.apps-bbva-inici;f;f;f;DATA_INTERESTING_DESC_NO_OTHER
3101;vgrp.uk;f;f;f;DATA_INTERESTING_DESC_NO_OTHER
3102;verificar-cmd.com;f;f;f;DATA_INTERESTING_DESC_NO_OTHER
3103;urlz.fr;f;f;f;DATA_INTERESTING_DESC_NO_OTHER
3104;uprt.cc;f;f;f;DATA_INTERESTING_DESC_NO_OTHER
3105;tosto.re;f;f;f;DATA_INTERESTING_DESC_NO_OTHER
3106;surl.li;f;f;f;DATA_INTERESTING_DESC_NO_OTHER
3107;supportapple.us;f;f;f;DATA_INTERESTING_DESC_NO_OTHER
3108;s.tlmq.fr;f;f;f;DATA_INTERESTING_DESC_NO_AD
3109;stikcredit.bg;f;f;f;DATA_INTERESTING_DESC_NO_OTHER
3110;1q.com;f;f;f;DATA_INTERESTING_DESC_NO_OTHER
3111;4l.gg;f;f;f;DATA_INTERESTING_DESC_NO_OTHER
3112;7hj.xyz;f;f;f;DATA_INTERESTING_DESC_NO_OTHER
3113;8rweb.info;f;f;f;DATA_INTERESTING_DESC_NO_OTHER
3114;app.skillg;f;f;f;DATA_INTERESTING_DESC_NO_OTHER
3115;app.tryeden.com;f;f;f;DATA_INTERESTING_DESC_NO_OTHER
3116;bbva-mx-app.com;f;f;f;DATA_INTERESTING_DESC_NO_OTHER
3117;app.jerry.ai;f;f;f;DATA_INTERESTING_DESC_NO_OTHER
3118;app.life360.com;f;f;t;DATA_INTERESTING_DESC_YES_ACCOUNT_PASSWORD_RESET
3119;app.s;f;f;f;DATA_INTERESTING_DESC_NO_OTHER
3120;app.sk;f;f;f;DATA_INTERESTING_DESC_NO_OTHER
3121;app.ski;f;f;f;DATA_INTERESTING_DESC_NO_OTHER
3122;app.skillgigs.c;f;f;f;DATA_INTERESTING_DESC_NO_OTHER
3123;app.test.kanguro.com;f;f;f;DATA_INTERESTING_DESC_NO_OTHER
3124;aptli.st;f;f;f;DATA_INTERESTING_DESC_NO_OTHER
3125;rp.sideline.com;f;f;f;DATA_INTERESTING_DESC_NO_OTHER
3126;services.zangi.com;f;f;f;DATA_INTERESTING_DESC_NO_OTHER
3127;securedigital-mltld.com;f;f;f;DATA_INTERESTING_DESC_NO_OTHER
3128;searchwow.co;f;f;f;DATA_INTERESTING_DESC_NO_OTHER
3129;s.c24.de;f;f;f;DATA_INTERESTING_DESC_NO_OTHER
3130;s.bfblabs.co;f;f;f;DATA_INTERESTING_DESC_NO_OTHER
3131;sanmartin-watch.com;f;f;f;DATA_INTERESTING_DESC_NO_OTHER
3132;sandbox.esignlive.com;f;f;f;DATA_INTERESTING_DESC_NO_OTHER
3133;safelink.vn;f;f;f;DATA_INTERESTING_DESC_NO_OTHER
3134;sab.to;f;f;f;DATA_INTERESTING_DESC_NO_OTHER
3135;0mk.xyz;f;f;f;DATA_INTERESTING_DESC_NO_SCAM
3136;22u.one;f;f;f;DATA_INTERESTING_DESC_NO_AD
3137;4c1.xyz;f;f;f;DATA_INTERESTING_DESC_NO_SCAM
3138;aarp.in;f;f;f;DATA_INTERESTING_DESC_NO_OTHER
3139;aarp.info;f;f;f;DATA_INTERESTING_DESC_NO_OTHER
3140;account.lyft.co;f;f;f;DATA_INTERESTING_DESC_NO_OTHER
3141;algo.moe;f;f;f;DATA_INTERESTING_DESC_NO_OTHER
3142;americanfirstfinance.com;f;f;f;DATA_INTERESTING_DESC_NO_OTHER
3143;andrea-spoken-accessed-made.trycloudflare.com;f;f;f;DATA_INTERESTING_DESC_NO_OTHER
3144;anolup.com;f;f;f;DATA_INTERESTING_DESC_NO_OTHER
3145;antidotehealth.app.li;f;f;f;DATA_INTERESTING_DESC_NO_OTHER
3146;antidotehealth.app.link;f;f;f;DATA_INTERESTING_DESC_NO_OTHER
3147;a.spintly.com;f;f;f;DATA_INTERESTING_DESC_NO_OTHER
3148;auvodka.klo5.io;f;f;f;DATA_INTERESTING_DESC_NO_OTHER
3149;bbva.es-data01;f;f;f;DATA_INTERESTING_DESC_NO_OTHER
3150;b88thai.com;f;f;f;DATA_INTERESTING_DESC_NO_OTHER
3151;badoo.com;f;f;t;DATA_INTERESTING_DESC_YES_PII
3152;bbva-movil-es.com;f;f;f;DATA_INTERESTING_DESC_NO_OTHER
3153;beer6845.com;f;f;f;DATA_INTERESTING_DESC_NO_OTHER
3154;bfsaoo.com;f;f;f;DATA_INTERESTING_DESC_NO_OTHER
3155;binp2.com;f;f;f;DATA_INTERESTING_DESC_NO_OTHER
3156;bit.l;f;f;f;DATA_INTERESTING_DESC_NO_OTHER
3157;b.link;f;f;f;DATA_INTERESTING_DESC_NO_OTHER
3158;bitpayil.net;f;f;f;DATA_INTERESTING_DESC_NO_OTHER
3159;stickermule.com;f;f;t;DATA_INTERESTING_DESC_YES_PII
3160;storinkyl.com;f;f;f;DATA_INTERESTING_DESC_NO_OTHER
3161;subdomain-apa-1682592386-sms-prod-jdi.readymage.com;f;f;f;DATA_INTERESTING_DESC_NO_OTHER
3162;survey.eonnext-services.com;f;f;t;DATA_INTERESTING_DESC_YES_PII
3163;boatstr.c;f;f;f;DATA_INTERESTING_DESC_NO_OTHER
3164;www.leovegas.com;f;f;f;DATA_INTERESTING_DESC_NO_OTHER
3165;card.hippo-dev.tools;f;f;t;DATA_INTERESTING_DESC_YES_PII
3166;cfd01.com;f;f;f;DATA_INTERESTING_DESC_NO_SCAM
3167;cg6.xyz;f;f;f;DATA_INTERESTING_DESC_NO_SCAM
3168;checkin.aircanada.com;f;f;f;DATA_INTERESTING_DESC_NO_OTHER
3169;cliente.nos.pt;f;f;f;DATA_INTERESTING_DESC_NO_OTHER
3170;cloud.pt.new-category.com;f;f;t;DATA_INTERESTING_DESC_YES_PII
3171;cora1.co.uk;f;f;f;DATA_INTERESTING_DESC_NO_OTHER
3172;corneos.com;f;f;f;DATA_INTERESTING_DESC_NO_OTHER
3173;cscpaymobile.app.link;f;f;f;DATA_INTERESTING_DESC_NO_OTHER
3174;customer.homerun.com.s;f;f;f;DATA_INTERESTING_DESC_NO_OTHER
3175;customer.homerun.com.sa;f;f;f;DATA_INTERESTING_DESC_NO_OTHER
3176;cw5.co;f;f;f;DATA_INTERESTING_DESC_NO_OTHER
3177;dhl.link;f;f;f;DATA_INTERESTING_DESC_NO_OTHER
3178;dhnna.co.il;f;f;f;DATA_INTERESTING_DESC_NO_OTHER
3179;dinitsupportinfo.com;f;f;f;DATA_INTERESTING_DESC_NO_OTHER
3180;ditidsupport.com;f;f;f;DATA_INTERESTING_DESC_NO_OTHER
3181;dl.bfb-labs.com;f;f;f;DATA_INTERESTING_DESC_NO_OTHER
3182;doordash.com;f;f;t;DATA_INTERESTING_DESC_YES_PII
3183;download.shiftsmart.com;f;f;f;DATA_INTERESTING_DESC_NO_OTHER
3184;dpd.pt;f;f;f;DATA_INTERESTING_DESC_NO_OTHER
3185;dtsign.es;f;f;f;DATA_INTERESTING_DESC_NO_OTHER
3186;dubaiproperties--dhreuat.my.salesforce-sites.com;f;f;t;
3187;emiratepostm.top;f;f;f;DATA_INTERESTING_DESC_NO_OTHER
3188;eq.live;f;f;f;DATA_INTERESTING_DESC_NO_OTHER
3189;erxsi.sbs;f;f;f;DATA_INTERESTING_DESC_NO_AD
3190;es-deutschebank-movil.com;f;f;f;DATA_INTERESTING_DESC_NO_OTHER
3191;estafeta.bond;f;f;f;DATA_INTERESTING_DESC_NO_OTHER
3192;estafeta-mxo.net;f;f;f;DATA_INTERESTING_DESC_NO_OTHER
3193;estafeta-track.homes;f;f;f;DATA_INTERESTING_DESC_NO_OTHER
3194;eteafeta.life;f;f;f;DATA_INTERESTING_DESC_NO_OTHER
3195;etusav.com;f;f;f;DATA_INTERESTING_DESC_NO_OTHER
3196;eufcs.net;f;f;f;DATA_INTERESTING_DESC_NO_OTHER
3197;evuboj.com;f;f;f;DATA_INTERESTING_DESC_NO_SCAM,DATA_INTERESTING_DESC_NO_AD
3198;exp.c;f;f;f;DATA_INTERESTING_DESC_NO_OTHER
3199;f1w.xyz;f;f;f;DATA_INTERESTING_DESC_NO_SCAM
3200;f.fantuan.ca;f;f;f;DATA_INTERESTING_DESC_NO_OTHER
3201;fgrty.com;f;f;f;DATA_INTERESTING_DESC_NO_OTHER
3202;fiuonline.fiu.edu;f;f;f;DATA_INTERESTING_DESC_NO_OTHER
3203;fnm.ink;f;f;f;DATA_INTERESTING_DESC_NO_OTHER
3204;fnmx.io;f;f;f;DATA_INTERESTING_DESC_NO_OTHER
3205;franchise.sascha-mende.com;f;f;f;DATA_INTERESTING_DESC_NO_OTHER
3206;fvaf.me;f;f;f;DATA_INTERESTING_DESC_NO_OTHER
3207;fwxg1.com;f;f;f;DATA_INTERESTING_DESC_NO_OTHER
3208;get.step.com;f;f;f;DATA_INTERESTING_DESC_NO_AD
3209;g.ignc.es;f;f;f;DATA_INTERESTING_DESC_NO_OTHER
3210;go.betano.pt;f;f;f;DATA_INTERESTING_DESC_NO_OTHER
3211;go.magneticmind.com.au;f;f;f;DATA_INTERESTING_DESC_NO_OTHER
3212;google.c;f;f;f;DATA_INTERESTING_DESC_NO_OTHER
3213;google.frText;f;f;f;DATA_INTERESTING_DESC_NO_OTHER
3214;go.palm.casino;f;f;f;DATA_INTERESTING_DESC_NO_SCAM,DATA_INTERESTING_DESC_NO_AD
3215;www.imaginbank-app.com;f;f;f;DATA_INTERESTING_DESC_NO_OTHER
3216;go.winstler.io;f;f;f;DATA_INTERESTING_DESC_NO_SCAM,DATA_INTERESTING_DESC_NO_AD
3217;gwify.com;f;f;f;DATA_INTERESTING_DESC_NO_SCAM,DATA_INTERESTING_DESC_NO_AD
3218;www.vegasmoose.com;f;f;t;DATA_INTERESTING_DESC_YES_ACCOUNT_PASSWORD_RESET
3219;www.vodafone.pt;f;f;f;DATA_INTERESTING_DESC_NO_OTHER
3220;www.tr;f;f;f;DATA_INTERESTING_DESC_NO_OTHER
3221;www.santander-es-avisos.com;f;f;f;DATA_INTERESTING_DESC_NO_OTHER
3222;www.rollingriches.com;f;f;f;DATA_INTERESTING_DESC_NO_OTHER
3223;www.one4all.nl;f;f;f;DATA_INTERESTING_DESC_NO_OTHER
3224;www.nu.edu;f;f;f;DATA_INTERESTING_DESC_NO_OTHER
3225;ydasq.com;f;f;f;DATA_INTERESTING_DESC_NO_AD
3226;yojz.me;f;f;f;DATA_INTERESTING_DESC_NO_AD
3227;yonderapp.app.link;f;f;f;DATA_INTERESTING_DESC_NO_OTHER
3228;x.finmercado.mx;f;f;f;DATA_INTERESTING_DESC_NO_OTHER
3229;www.youmail.com;f;f;t;DATA_INTERESTING_DESC_YES_ACCOUNT_PASSWORD_RESET
3230;www.wealthfront.com;f;f;f;DATA_INTERESTING_DESC_NO_OTHER
3231;www.magicwin3.b;f;f;f;DATA_INTERESTING_DESC_NO_OTHER
3232;www.mahmee;f;f;f;DATA_INTERESTING_DESC_NO_OTHER
3233;www.mercari.com;f;f;f;DATA_INTERESTING_DESC_NO_OTHER
3234;www.metrapay.com;f;f;f;DATA_INTERESTING_DESC_NO_OTHER
3235;zwnfp.com;f;f;f;DATA_INTERESTING_DESC_NO_OTHER
3236;zigota.co.i;f;f;f;DATA_INTERESTING_DESC_NO_OTHER
3237;zigota.co;f;f;f;DATA_INTERESTING_DESC_NO_OTHER
3238;zigota.c;f;f;f;DATA_INTERESTING_DESC_NO_OTHER
3239;y.uber.com;f;f;f;DATA_INTERESTING_DESC_NO_OTHER
3240;www.hsbc.com.mx;f;f;f;DATA_INTERESTING_DESC_NO_OTHER
3241;www.hooyu.com;f;f;f;DATA_INTERESTING_DESC_NO_OTHER
3242;www.hooyu;f;f;f;DATA_INTERESTING_DESC_NO_OTHER
3243;www.hemlane.com;f;f;f;DATA_INTERESTING_DESC_NO_OTHER
3244;www.habitissimo.es;f;f;f;DATA_INTERESTING_DESC_NO_OTHER
3245;www.go-out.co;f;f;f;DATA_INTERESTING_DESC_NO_OTHER
3246;www.giftya;f;f;f;DATA_INTERESTING_DESC_NO_OTHER
3247;www.figma.com;f;f;t;DATA_INTERESTING_DESC_YES_PII
3248;www.discovercard.com;f;f;f;DATA_INTERESTING_DESC_NO_OTHER
3249;www.cetelem.es;f;f;f;DATA_INTERESTING_DESC_NO_OTHER
3250;www.cete;f;f;f;DATA_INTERESTING_DESC_NO_OTHER
3251;www.c;f;f;f;DATA_INTERESTING_DESC_NO_OTHER
3252;www.bigmarker.c;f;f;f;DATA_INTERESTING_DESC_NO_OTHER
3253;www.ayuda-ing.com;f;f;f;DATA_INTERESTING_DESC_NO_OTHER
3254;works.do;f;f;f;DATA_INTERESTING_DESC_NO_OTHER
3255;w.ems;f;f;f;DATA_INTERESTING_DESC_NO_OTHER
3256;Wa.me;f;f;f;DATA_INTERESTING_DESC_NO_OTHER
3257;vsp1.co;f;f;f;DATA_INTERESTING_DESC_NO_OTHER
3258;vk.cc;f;f;f;DATA_INTERESTING_DESC_NO_OTHER
3259;verify.plaid.com;f;f;f;DATA_INTERESTING_DESC_NO_OTHER
3260;web.gobreeze.com;f;f;f;DATA_INTERESTING_DESC_NO_OTHER
3261;v.didi.cn;f;f;f;DATA_INTERESTING_DESC_NO_OTHER
3262;vda1.co;f;f;f;DATA_INTERESTING_DESC_NO_OTHER
3263;vcita.com;f;f;f;DATA_INTERESTING_DESC_NO_OTHER
3264;usfg1.co;f;f;f;DATA_INTERESTING_DESC_NO_OTHER
3265;urlis.net;f;f;f;DATA_INTERESTING_DESC_NO_OTHER
3266;uplvlrwd.com;f;f;t;DATA_INTERESTING_DESC_YES_PII
3267;ui.idenfy.com;f;f;f;DATA_INTERESTING_DESC_NO_OTHER
3268;tinyurl.essity.voyado.com;f;f;f;DATA_INTERESTING_DESC_NO_OTHER
3269;u.alipay.cn;f;f;f;DATA_INTERESTING_DESC_NO_OTHER
3270;tuytf.com;f;f;f;DATA_INTERESTING_DESC_NO_SCAM,DATA_INTERESTING_DESC_NO_AD
3271;tu0.fun;f;f;f;DATA_INTERESTING_DESC_NO_SCAM,DATA_INTERESTING_DESC_NO_AD
3272;tyrcr6.com;f;f;f;DATA_INTERESTING_DESC_NO_OTHER
3273;s.pizzahutsurvey.com;f;f;t;DATA_INTERESTING_DESC_YES_PII
3274;staging-api.skysystemz.com;f;f;f;DATA_INTERESTING_DESC_NO_OTHER
3275;s.url99.me;f;f;f;DATA_INTERESTING_DESC_NO_OTHER
3276;support.str;f;f;f;DATA_INTERESTING_DESC_NO_OTHER
3277;tq775.tw;f;f;f;DATA_INTERESTING_DESC_NO_OTHER
3278;toyou.co.uk;f;f;t;
3279;t.pulsa.me;f;f;t;
3280;t-ir.codeanyapp.co;f;f;f;DATA_INTERESTING_DESC_NO_OTHER
3281;t-ir.codeanyapp.c;f;f;f;DATA_INTERESTING_DESC_NO_OTHER
3282;test.tht.org.uk;f;f;f;DATA_INTERESTING_DESC_NO_OTHER
3283;t.creditman.cc;f;f;f;DATA_INTERESTING_DESC_NO_OTHER
3284;t6bsr.com;f;f;f;DATA_INTERESTING_DESC_NO_OTHER
3285;swanbitcoin.withpersona.com;f;f;t;
3286;snbets.co;f;f;f;DATA_INTERESTING_DESC_NO_OTHER
3287;sourl.cn;f;f;f;DATA_INTERESTING_DESC_NO_OTHER
3288;sprch.co;f;f;f;DATA_INTERESTING_DESC_NO_OTHER
3289;s.strks.io;f;f;f;DATA_INTERESTING_DESC_NO_OTHER
3290;s.surveys.com;f;f;t;
3291;sofkredit.com;f;f;f;DATA_INTERESTING_DESC_NO_OTHER
3292;snip.ly;f;f;f;DATA_INTERESTING_DESC_NO_OTHER
3293;sms.reviews.io;f;f;f;DATA_INTERESTING_DESC_NO_OTHER
3294;smartservice.cons;f;f;f;DATA_INTERESTING_DESC_NO_OTHER
3295;smart.fnx.co.il;f;f;f;DATA_INTERESTING_DESC_NO_OTHER
3296;sk.io;f;f;f;DATA_INTERESTING_DESC_NO_OTHER
3297;s.id;f;f;f;DATA_INTERESTING_DESC_NO_OTHER
3298;showmojo.com;f;f;f;DATA_INTERESTING_DESC_NO_OTHER
3299;shipping.status-id494.com;f;f;f;DATA_INTERESTING_DESC_NO_OTHER
3300;hewe.me;f;f;f;DATA_INTERESTING_DESC_NO_OTHER
3301;holvi.page.link;f;f;f;DATA_INTERESTING_DESC_NO_OTHER
3302;homerun.com.sa;f;f;f;DATA_INTERESTING_DESC_NO_OTHER
3303;iris.pp24.co;f;f;f;DATA_INTERESTING_DESC_NO_OTHER
3304;isdn.me;f;f;f;DATA_INTERESTING_DESC_NO_OTHER
3305;ja.cat;f;f;f;DATA_INTERESTING_DESC_NO_SCAM
3306;jemcity.smsb.co;f;f;f;DATA_INTERESTING_DESC_NO_OTHER
3307;jobaccelerator-test.huds;f;f;f;DATA_INTERESTING_DESC_NO_OTHER
3308;jobaccelerator-test.hudson.com;f;f;f;DATA_INTERESTING_DESC_NO_OTHER
3309;renouvellement-netflix.com;f;f;f;DATA_INTERESTING_DESC_NO_OTHER
3310;repagalia.com;f;f;f;DATA_INTERESTING_DESC_NO_OTHER
3311;roomster.onelink.me;f;f;f;DATA_INTERESTING_DESC_NO_OTHER
3312;roystonellis.com;f;f;f;DATA_INTERESTING_DESC_NO_OTHER
3313;rqwdlnx.top;f;f;f;DATA_INTERESTING_DESC_NO_OTHER
3314;s.1win.mx;f;f;f;DATA_INTERESTING_DESC_NO_SCAM,DATA_INTERESTING_DESC_NO_AD
3315;shein.top;f;f;f;DATA_INTERESTING_DESC_NO_OTHER
3316;renew-netflix.com;f;f;f;DATA_INTERESTING_DESC_NO_SCAM
3317;rateklover.onelink.me;f;f;f;DATA_INTERESTING_DESC_NO_OTHER
3318;qtzl.onelink.me;f;f;f;DATA_INTERESTING_DESC_NO_OTHER
3319;qpl.parents.app;f;f;f;DATA_INTERESTING_DESC_NO_OTHER
3321;pwg.ai;f;f;f;DATA_INTERESTING_DESC_NO_OTHER
3322;prod-org-curity.sec.bank.ikano;f;f;f;DATA_INTERESTING_DESC_NO_OTHER
3323;premium.hep;f;f;f;
3324;practinapp.page.link;f;f;f;DATA_INTERESTING_DESC_NO_OTHER
3325;poservice-center.buzz;f;f;f;DATA_INTERESTING_DESC_NO_OTHER
3326;plntburger.appfront.ai;f;f;f;DATA_INTERESTING_DESC_NO_OTHER
3327;plgss.com;f;f;f;DATA_INTERESTING_DESC_NO_OTHER
